Strategy,Sharpe,Fitness,Turnover,Max Drawdown
"CorrSelect(mw=0.03,mc=0.3,n=2)",+4.396,9.251,0.252,-0.034
"CorrSelect(mw=0.02,mc=0.4,n=2)",+4.388,9.258,0.218,-0.035
"CorrSelect(mw=0.02,mc=0.5,n=3)",+4.064,9.365,0.182,-0.046
"CorrSelect(mw=0.02,mc=0.6,n=3)",+4.064,9.365,0.182,-0.046
"CorrSelect(mw=0.02,mc=0.7,n=3)",+4.064,9.365,0.182,-0.046
"CorrSelect(mw=0.03,mc=0.4,n=3)",+4.001,8.982,0.213,-0.052
"CorrSelect(mw=0.03,mc=0.5,n=3)",+4.001,8.982,0.213,-0.052
"CorrSelect(mw=0.03,mc=0.6,n=3)",+4.001,8.982,0.213,-0.052
"CorrSelect(mw=0.05,mc=0.3,n=2)",+3.963,8.080,0.264,-0.038
"CorrSelect(mw=0.05,mc=0.4,n=3)",+3.806,8.538,0.223,-0.063
"CorrSelect(mw=0.05,mc=0.5,n=3)",+3.806,8.538,0.223,-0.063
"CorrSelect(mw=0.08,mc=0.3,n=2)",+3.764,7.610,0.267,-0.046
"CorrSelAdaptive(mw=0.02,mc=0.4,lb=180,n=2)",+3.739,8.142,0.176,-0.063
"CorrSelAdaptive(mw=0.02,mc=0.4,lb=280,n=2)",+3.732,8.148,0.175,-0.062
"QPOptimal(mw=0.02,lb=300,rb=30)",+3.729,7.968,0.190,-0.070
"QPOptimal(mw=0.02,lb=300,rb=60)",+3.693,7.880,0.189,-0.070
"CorrSelAdaptive(mw=0.02,mc=0.4,lb=240,n=2)",+3.679,8.001,0.175,-0.063
"QPOptimal(mw=0.02,lb=300,rb=15)",+3.670,7.791,0.190,-0.069
"CorrSelAdaptive(mw=0.03,mc=0.3,lb=180,n=2)",+3.668,7.865,0.210,-0.063
"CorrSelect(mw=0.08,mc=0.4,n=3)",+3.646,8.187,0.224,-0.069
"CorrSelect(mw=0.08,mc=0.5,n=3)",+3.646,8.187,0.224,-0.069
"CorrSelAdaptive(mw=0.02,mc=0.5,lb=180,n=3)",+3.605,8.187,0.162,-0.058
"CorrSelAdaptive(mw=0.02,mc=0.6,lb=180,n=3)",+3.605,8.187,0.162,-0.058
"CorrSelAdaptive(mw=0.02,mc=0.3,lb=240,n=2)",+3.590,8.648,0.147,-0.064
"CorrSelAdaptive(mw=0.02,mc=0.3,lb=280,n=2)",+3.558,8.617,0.145,-0.064
"CorrSelAdaptive(mw=0.02,mc=0.5,lb=280,n=3)",+3.552,7.962,0.162,-0.060
"CorrSelAdaptive(mw=0.02,mc=0.6,lb=280,n=3)",+3.552,7.962,0.162,-0.060
"CorrSelAdaptive(mw=0.02,mc=0.5,lb=240,n=3)",+3.537,7.969,0.162,-0.060
"CorrSelAdaptive(mw=0.02,mc=0.6,lb=240,n=3)",+3.537,7.969,0.162,-0.060
"CorrSelAdaptive(mw=0.03,mc=0.3,lb=280,n=2)",+3.533,7.437,0.209,-0.059
"CorrSelect(mw=0.02,mc=0.3,n=2)",+3.526,6.840,0.213,-0.042
"CorrSelAdaptive(mw=0.03,mc=0.3,lb=240,n=2)",+3.508,7.412,0.208,-0.061
ProperEqual(mw=0.02),+3.465,6.519,0.223,-0.038
"CorrSelAdaptive(mw=0.02,mc=0.3,lb=180,n=2)",+3.449,8.112,0.147,-0.064
"CorrSelAdaptive(mw=0.03,mc=0.4,lb=180,n=3)",+3.422,7.476,0.194,-0.066
"CorrSelAdaptive(mw=0.03,mc=0.5,lb=180,n=3)",+3.422,7.476,0.194,-0.066
"CorrSelAdaptive(mw=0.03,mc=0.6,lb=180,n=3)",+3.422,7.476,0.194,-0.066
"CorrSelAdaptive(mw=0.05,mc=0.3,lb=180,n=2)",+3.418,7.229,0.228,-0.062
"CorrSelAdaptive(mw=0.03,mc=0.4,lb=280,n=3)",+3.412,7.452,0.191,-0.062
"CorrSelAdaptive(mw=0.03,mc=0.5,lb=280,n=3)",+3.412,7.452,0.191,-0.062
"CorrSelAdaptive(mw=0.03,mc=0.6,lb=280,n=3)",+3.412,7.452,0.191,-0.062
"QPOptimal(mw=0.03,lb=300,rb=30)",+3.411,6.620,0.237,-0.071
ProperEqual(mw=0.03),+3.375,6.134,0.265,-0.041
"CorrSelect(mw=0.03,mc=0.7,n=6)",+3.375,6.134,0.265,-0.041
"QPOptimal(mw=0.03,lb=300,rb=60)",+3.355,6.439,0.239,-0.072
"CorrSelAdaptive(mw=0.03,mc=0.4,lb=240,n=3)",+3.338,7.246,0.191,-0.065
"CorrSelAdaptive(mw=0.03,mc=0.5,lb=240,n=3)",+3.338,7.246,0.191,-0.065
"CorrSelAdaptive(mw=0.03,mc=0.6,lb=240,n=3)",+3.338,7.246,0.191,-0.065
"QPOptimal(mw=0.03,lb=300,rb=15)",+3.333,6.421,0.237,-0.071
"CorrSelAdaptive(mw=0.05,mc=0.4,lb=180,n=3)",+3.288,7.251,0.209,-0.079
"CorrSelAdaptive(mw=0.05,mc=0.5,lb=180,n=3)",+3.288,7.251,0.209,-0.079
ProperEqual(mw=0.05),+3.258,5.961,0.275,-0.052
"CorrSelAdaptive(mw=0.08,mc=0.3,lb=180,n=2)",+3.228,6.712,0.235,-0.069
"QPOptimal(mw=0.02,lb=180,rb=30)",+3.188,6.045,0.197,-0.066
ProperEqual(mw=0.08),+3.155,5.797,0.276,-0.056
"CorrSelAdaptive(mw=0.05,mc=0.4,lb=280,n=3)",+3.152,6.774,0.205,-0.075
"CorrSelAdaptive(mw=0.05,mc=0.5,lb=280,n=3)",+3.152,6.774,0.205,-0.075
"QPOptimal(mw=0.02,lb=180,rb=15)",+3.150,5.931,0.197,-0.066
"QPOptimal(mw=0.03,lb=180,rb=15)",+3.144,5.710,0.244,-0.071
"CorrSelAdaptive(mw=0.05,mc=0.4,lb=240,n=3)",+3.117,6.679,0.205,-0.078
"CorrSelAdaptive(mw=0.05,mc=0.5,lb=240,n=3)",+3.117,6.679,0.205,-0.078
"CorrSelAdaptive(mw=0.05,mc=0.3,lb=240,n=2)",+3.111,6.248,0.227,-0.060
"SelectSharpe(n=5,d=1)",+3.110,5.393,0.230,-0.052
"QPOptimal(mw=0.03,lb=180,rb=30)",+3.108,5.654,0.242,-0.071
"CorrSelAdaptive(mw=0.05,mc=0.3,lb=280,n=2)",+3.102,6.180,0.228,-0.059
"CorrSelAdaptive(mw=0.08,mc=0.4,lb=180,n=3)",+3.098,6.778,0.212,-0.088
"CorrSelAdaptive(mw=0.08,mc=0.5,lb=180,n=3)",+3.098,6.778,0.212,-0.088
"QPOptimal(mw=0.02,lb=240,rb=60)",+3.042,5.837,0.193,-0.070
"ProperAdaptive(mw=0.03,lb=180)",+3.012,5.680,0.220,-0.073
"QPOptimal(mw=0.05,lb=300,rb=30)",+2.966,5.409,0.261,-0.079
"ProperAdaptive(mw=0.03,lb=180)",+2.966,5.557,0.220,-0.074
"ProperAdaptive(mw=0.03,lb=280)",+2.944,5.554,0.215,-0.069
"QPOptimal(mw=0.02,lb=240,rb=30)",+2.943,5.524,0.194,-0.067
"CorrSelect(mw=0.05,mc=0.6,n=5)",+2.936,4.941,0.282,-0.054
"CorrSelect(mw=0.05,mc=0.7,n=5)",+2.936,4.941,0.282,-0.054
"QPOptimal(mw=0.05,lb=300,rb=15)",+2.930,5.316,0.261,-0.079
"QPOptimal(mw=0.03,lb=240,rb=30)",+2.929,5.320,0.239,-0.070
"QPOptimal(mw=0.02,lb=240,rb=15)",+2.928,5.461,0.194,-0.067
"CorrSelAdaptive(mw=0.08,mc=0.4,lb=280,n=3)",+2.928,6.146,0.209,-0.083
"CorrSelAdaptive(mw=0.08,mc=0.5,lb=280,n=3)",+2.928,6.146,0.209,-0.083
"QPOptimal(mw=0.05,lb=300,rb=60)",+2.921,5.271,0.264,-0.075
"CorrSelect(mw=0.08,mc=0.6,n=5)",+2.917,5.023,0.282,-0.057
"CorrSelect(mw=0.08,mc=0.7,n=5)",+2.917,5.023,0.282,-0.057
"CorrSelAdaptive(mw=0.08,mc=0.4,lb=240,n=3)",+2.913,6.111,0.209,-0.086
"CorrSelAdaptive(mw=0.08,mc=0.5,lb=240,n=3)",+2.913,6.111,0.209,-0.086
"CorrSelAdaptive(mw=0.08,mc=0.3,lb=240,n=2)",+2.913,5.652,0.234,-0.068
"Shrinkage(lb=240,s=0.5)",+2.903,4.780,0.235,-0.052
"CorrSelAdaptive(mw=0.08,mc=0.3,lb=280,n=2)",+2.901,5.583,0.234,-0.067
"ProperAdaptive(mw=0.03,lb=240)",+2.896,5.414,0.216,-0.071
"QPOptimal(mw=0.02,lb=180,rb=60)",+2.878,5.217,0.200,-0.068
"ProperAdaptive(mw=0.03,lb=280)",+2.870,5.374,0.214,-0.072
"QPOptimal(mw=0.05,lb=180,rb=30)",+2.861,5.077,0.267,-0.079
"QPOptimal(mw=0.03,lb=240,rb=15)",+2.855,5.063,0.240,-0.069
"CVXPYRegimeUtil(mw=0.03,lb=240,k=1.0,rs=2.0,hl=45)",+2.824,6.206,0.159,-0.073
"ProperAdaptive(mw=0.05,lb=180)",+2.824,5.361,0.233,-0.073
"ProperAdaptive(mw=0.05,lb=180)",+2.820,5.383,0.233,-0.074
"CVXPYRegimeUtil(mw=0.03,lb=240,k=1.0,rs=3.0,hl=45)",+2.819,6.189,0.159,-0.073
"CVXPYRegimeUtil(mw=0.03,lb=240,k=2.0,rs=2.0,hl=45)",+2.813,6.171,0.159,-0.073
"QPOptimal(mw=0.03,lb=240,rb=60)",+2.812,4.967,0.240,-0.070
"CVXPYRegimeUtil(mw=0.03,lb=240,k=1.0,rs=5.0,hl=45)",+2.804,6.135,0.159,-0.073
"ProperAdaptive(mw=0.03,lb=240)",+2.797,5.164,0.215,-0.074
Equal-weight,+2.795,4.430,0.247,-0.047
"SelectSharpe(n=6,d=1)",+2.795,4.430,0.247,-0.047
"CVXPYRegimeUtil(mw=0.03,lb=240,k=2.0,rs=3.0,hl=45)",+2.793,6.094,0.159,-0.073
"CVXPYRegimeUtil(mw=0.02,lb=280,k=2.0,rs=3.0,hl=45)",+2.788,6.109,0.136,-0.066
"CVXPYRegimeUtil(mw=0.02,lb=280,k=1.0,rs=5.0,hl=45)",+2.786,6.105,0.136,-0.066
"CVXPYRegimeUtil(mw=0.02,lb=280,k=2.0,rs=2.0,hl=45)",+2.784,6.101,0.135,-0.066
"CVXPYRegimeUtil(mw=0.02,lb=280,k=1.0,rs=3.0,hl=45)",+2.783,6.099,0.135,-0.066
"CVXPYRegimeUtil(mw=0.02,lb=280,k=2.0,rs=5.0,hl=45)",+2.781,6.074,0.136,-0.066
"CVXPYRegimeUtil(mw=0.02,lb=280,k=1.0,rs=2.0,hl=45)",+2.780,6.093,0.135,-0.066
"QPOptimal(mw=0.05,lb=240,rb=30)",+2.780,4.954,0.265,-0.091
"CVXPYRegimeUtil(mw=0.03,lb=240,k=2.0,rs=5.0,hl=45)",+2.774,6.013,0.159,-0.073
"ProperAdaptive(mw=0.02,lb=180)",+2.749,5.104,0.181,-0.069
"CorrSelAdaptive(mw=0.05,mc=0.6,lb=280,n=5)",+2.739,5.048,0.229,-0.075
"ProperAdaptive(mw=0.05,lb=280)",+2.723,5.094,0.229,-0.070
"CorrSelAdaptive(mw=0.05,mc=0.6,lb=180,n=5)",+2.715,4.973,0.234,-0.082
"ProperAdaptive(mw=0.05,lb=240)",+2.715,5.069,0.230,-0.072
"ProperAdaptive(mw=0.02,lb=280)",+2.714,5.091,0.177,-0.071
"CVXPYRegimeUtil(mw=0.03,lb=280,k=2.0,rs=5.0,hl=45)",+2.701,5.747,0.158,-0.071
"CVXPYRegimeUtil(mw=0.03,lb=280,k=2.0,rs=3.0,hl=45)",+2.688,5.699,0.158,-0.071
"ProperAdaptive(mw=0.02,lb=180)",+2.683,4.915,0.181,-0.069
"ProperAdaptive(mw=0.02,lb=280)",+2.683,4.978,0.178,-0.068
"CorrSelAdaptive(mw=0.05,mc=0.6,lb=240,n=5)",+2.682,4.892,0.230,-0.079
"KellyOptimal(mw=0.02,lb=280,kf=0.3,hl=45)",+2.680,5.593,0.142,-0.069
"KellyOptimal(mw=0.02,lb=280,kf=0.5,hl=45)",+2.680,5.593,0.142,-0.069
"KellyOptimal(mw=0.02,lb=280,kf=0.7,hl=45)",+2.680,5.593,0.142,-0.069
"CVXPYRegimeUtil(mw=0.02,lb=240,k=2.0,rs=5.0,hl=45)",+2.680,5.677,0.138,-0.068
"CVXPYRegimeUtil(mw=0.03,lb=280,k=1.0,rs=5.0,hl=45)",+2.678,5.662,0.158,-0.071
"CVXPYRegimeUtil(mw=0.02,lb=280,k=2.0,rs=3.0,hl=90)",+2.678,5.687,0.138,-0.065
"CVXPYRegimeUtil(mw=0.02,lb=280,k=2.0,rs=5.0,hl=90)",+2.675,5.668,0.138,-0.065
"CVXPYRegimeUtil(mw=0.02,lb=240,k=2.0,rs=3.0,hl=45)",+2.675,5.660,0.138,-0.068
"CVXPYLedoitSharpe(mw=0.02,lb=280,l2=0.001,hl=45)",+2.675,5.526,0.145,-0.069
"CVXPYRegimeUtil(mw=0.02,lb=280,k=1.0,rs=5.0,hl=90)",+2.675,5.678,0.138,-0.065
"CVXPYLedoitSharpe(mw=0.02,lb=280,l2=0.01,hl=45)",+2.674,5.521,0.145,-0.069
"CVXPYLedoitSharpe(mw=0.02,lb=280,l2=0.05,hl=45)",+2.674,5.521,0.145,-0.069
"CVXPYRegimeUtil(mw=0.02,lb=280,k=2.0,rs=2.0,hl=90)",+2.673,5.673,0.138,-0.065
"CVXPYRegimeUtil(mw=0.02,lb=280,k=1.0,rs=3.0,hl=90)",+2.672,5.671,0.138,-0.065
"QPOptimal(mw=0.05,lb=240,rb=15)",+2.670,4.608,0.265,-0.094
"CVXPYRegimeUtil(mw=0.02,lb=240,k=1.0,rs=5.0,hl=45)",+2.669,5.641,0.138,-0.068
"CVXPYRegimeUtil(mw=0.02,lb=280,k=1.0,rs=2.0,hl=90)",+2.669,5.664,0.138,-0.065
"CVXPYRegimeUtil(mw=0.03,lb=280,k=2.0,rs=2.0,hl=45)",+2.668,5.626,0.158,-0.071
"CVXPYRegimeUtil(mw=0.03,lb=280,k=1.0,rs=2.0,hl=45)",+2.663,5.612,0.158,-0.071
"CVXPYRegimeUtil(mw=0.03,lb=280,k=1.0,rs=3.0,hl=45)",+2.662,5.606,0.158,-0.071
"ProperAdaptive(mw=0.05,lb=240)",+2.661,4.956,0.229,-0.074
Adaptive(lb=240),+2.660,4.374,0.216,-0.056
Momentum(lb=240),+2.660,4.374,0.216,-0.056
"CVXPYRegimeUtil(mw=0.02,lb=240,k=2.0,rs=2.0,hl=45)",+2.656,5.602,0.138,-0.068
"QPOptimal(mw=0.05,lb=180,rb=60)",+2.655,4.563,0.269,-0.070
"CVXPYRegimeUtil(mw=0.02,lb=240,k=1.0,rs=3.0,hl=45)",+2.651,5.586,0.138,-0.068
"CVXPYRegimeUtil(mw=0.02,lb=240,k=1.0,rs=2.0,hl=45)",+2.647,5.578,0.137,-0.068
"CVXPYRegimeUtil(mw=0.03,lb=240,k=1.0,rs=2.0,hl=90)",+2.641,5.542,0.161,-0.070
"ProperAdaptive(mw=0.05,lb=280)",+2.638,4.891,0.228,-0.073
"CVXPYRegimeUtil(mw=0.03,lb=240,k=1.0,rs=3.0,hl=90)",+2.636,5.525,0.161,-0.070
"QPOptimal(mw=0.05,lb=180,rb=15)",+2.632,4.428,0.269,-0.086
"CVXPYRegimeUtil(mw=0.03,lb=240,k=2.0,rs=2.0,hl=90)",+2.631,5.510,0.161,-0.070
Top-5(lb=240),+2.628,4.187,0.233,-0.052
"ProperAdaptive(mw=0.02,lb=240)",+2.627,4.820,0.179,-0.069
"CVXPYRegimeUtil(mw=0.03,lb=240,k=1.0,rs=5.0,hl=90)",+2.623,5.480,0.161,-0.070
"QPOptimal(mw=0.03,lb=180,rb=60)",+2.615,4.391,0.244,-0.072
"CVXPYRegimeUtil(mw=0.03,lb=240,k=2.0,rs=3.0,hl=90)",+2.615,5.450,0.161,-0.071
"QPOptimal(mw=0.05,lb=240,rb=60)",+2.614,4.473,0.268,-0.086
"MinVarBayesian(mw=0.02,lb=240,hl=45)",+2.608,5.035,0.162,-0.042
"CVXPYRegimeUtil(mw=0.03,lb=240,k=2.0,rs=5.0,hl=90)",+2.601,5.394,0.161,-0.071
"QPOptimal(mw=0.02,lb=120,rb=30)",+2.595,4.440,0.196,-0.063
"ProperAdaptive(mw=0.02,lb=240)",+2.593,4.753,0.178,-0.071
"MinVarBayesian(mw=0.02,lb=280,hl=45)",+2.571,4.920,0.162,-0.041
"MinVarBayesian(mw=0.02,lb=240,hl=90)",+2.554,4.875,0.162,-0.042
"KellyOptimal(mw=0.03,lb=280,kf=0.7,hl=45)",+2.552,5.090,0.171,-0.071
"KellyOptimal(mw=0.03,lb=280,kf=0.5,hl=45)",+2.552,5.090,0.171,-0.071
"KellyOptimal(mw=0.03,lb=280,kf=0.3,hl=45)",+2.552,5.090,0.171,-0.071
"CVXPYLedoitSharpe(mw=0.03,lb=280,l2=0.001,hl=45)",+2.552,5.089,0.171,-0.071
"CVXPYLedoitSharpe(mw=0.03,lb=280,l2=0.01,hl=45)",+2.552,5.089,0.171,-0.071
"CVXPYLedoitSharpe(mw=0.03,lb=280,l2=0.05,hl=45)",+2.552,5.089,0.171,-0.071
"CVXPYRegimeUtil(mw=0.02,lb=240,k=2.0,rs=5.0,hl=90)",+2.551,5.230,0.140,-0.065
"CVXPYRegimeUtil(mw=0.03,lb=280,k=2.0,rs=5.0,hl=90)",+2.548,5.225,0.160,-0.070
"CVXPYRegimeUtil(mw=0.02,lb=240,k=2.0,rs=3.0,hl=90)",+2.541,5.198,0.140,-0.065
"CVXPYRegimeUtil(mw=0.03,lb=280,k=2.0,rs=3.0,hl=90)",+2.537,5.186,0.161,-0.070
"CVXPYLedoitSharpe(mw=0.02,lb=280,l2=0.05,hl=90)",+2.536,5.078,0.146,-0.065
"CVXPYLedoitSharpe(mw=0.02,lb=280,l2=0.01,hl=90)",+2.536,5.078,0.146,-0.065
"CVXPYLedoitSharpe(mw=0.02,lb=280,l2=0.001,hl=90)",+2.536,5.079,0.146,-0.065
"CVXPYRegimeUtil(mw=0.02,lb=240,k=1.0,rs=5.0,hl=90)",+2.533,5.175,0.140,-0.065
"CVXPYRegimeUtil(mw=0.03,lb=280,k=1.0,rs=5.0,hl=90)",+2.530,5.163,0.161,-0.069
"KellyOptimal(mw=0.02,lb=280,kf=0.3,hl=90)",+2.529,5.094,0.143,-0.065
"KellyOptimal(mw=0.02,lb=280,kf=0.5,hl=90)",+2.529,5.094,0.143,-0.065
"KellyOptimal(mw=0.02,lb=280,kf=0.7,hl=90)",+2.529,5.094,0.143,-0.065
"CorrSelAdaptive(mw=0.08,mc=0.6,lb=280,n=5)",+2.527,4.551,0.232,-0.081
"CVXPYRegimeUtil(mw=0.03,lb=280,k=2.0,rs=2.0,hl=90)",+2.524,5.142,0.161,-0.069
"CVXPYRegimeUtil(mw=0.03,lb=280,k=1.0,rs=2.0,hl=90)",+2.521,5.133,0.161,-0.069
"MinVarBayesian(mw=0.02,lb=280,hl=90)",+2.521,4.776,0.162,-0.041
"CVXPYRegimeUtil(mw=0.03,lb=280,k=1.0,rs=3.0,hl=90)",+2.520,5.128,0.161,-0.069
"CVXPYRegimeUtil(mw=0.02,lb=240,k=2.0,rs=2.0,hl=90)",+2.519,5.133,0.140,-0.065
"QPOptimal(mw=0.02,lb=120,rb=60)",+2.519,4.283,0.195,-0.065
"KellyOptimal(mw=0.02,lb=240,kf=0.5,hl=45)",+2.515,5.078,0.143,-0.070
"KellyOptimal(mw=0.02,lb=240,kf=0.7,hl=45)",+2.515,5.078,0.143,-0.070
"KellyOptimal(mw=0.02,lb=240,kf=0.3,hl=45)",+2.515,5.078,0.143,-0.070
"CVXPYRegimeUtil(mw=0.02,lb=240,k=1.0,rs=3.0,hl=90)",+2.513,5.114,0.140,-0.065
"CVXPYRegimeUtil(mw=0.02,lb=240,k=1.0,rs=2.0,hl=90)",+2.510,5.109,0.139,-0.065
"CorrSelAdaptive(mw=0.08,mc=0.6,lb=240,n=5)",+2.506,4.487,0.233,-0.086
"CVXPYMVUtility(mw=0.02,lb=240,k=4.0,tc=0.1,hl=45)",+2.494,4.715,0.161,-0.041
"CVXPYMVUtility(mw=0.02,lb=240,k=2.0,tc=0.1,hl=45)",+2.494,4.715,0.161,-0.041
"CVXPYMVUtility(mw=0.02,lb=240,k=1.0,tc=0.1,hl=45)",+2.494,4.715,0.161,-0.041
"CVXPYMVUtility(mw=0.02,lb=240,k=4.0,tc=0.1,hl=90)",+2.494,4.715,0.161,-0.041
"CVXPYMVUtility(mw=0.02,lb=240,k=2.0,tc=0.1,hl=90)",+2.494,4.715,0.161,-0.041
"CVXPYMVUtility(mw=0.02,lb=240,k=1.0,tc=0.1,hl=90)",+2.494,4.715,0.161,-0.041
"CVXPYMVUtility(mw=0.02,lb=280,k=4.0,tc=0.1,hl=45)",+2.494,4.715,0.161,-0.041
"CVXPYMVUtility(mw=0.02,lb=280,k=2.0,tc=0.1,hl=45)",+2.494,4.715,0.161,-0.041
"CVXPYMVUtility(mw=0.02,lb=280,k=1.0,tc=0.1,hl=45)",+2.494,4.715,0.161,-0.041
"CVXPYMVUtility(mw=0.02,lb=280,k=4.0,tc=0.1,hl=90)",+2.494,4.715,0.161,-0.041
"CVXPYMVUtility(mw=0.02,lb=280,k=2.0,tc=0.1,hl=90)",+2.494,4.715,0.161,-0.041
"CVXPYMVUtility(mw=0.02,lb=280,k=1.0,tc=0.1,hl=90)",+2.494,4.715,0.161,-0.041
"CVXPYMVUtility(mw=0.02,lb=240,k=1.0,tc=0.5,hl=45)",+2.494,4.715,0.161,-0.041
"CVXPYMVUtility(mw=0.02,lb=240,k=4.0,tc=0.5,hl=45)",+2.494,4.715,0.161,-0.041
"CVXPYMVUtility(mw=0.02,lb=240,k=2.0,tc=0.5,hl=45)",+2.494,4.715,0.161,-0.041
"CVXPYMVUtility(mw=0.02,lb=240,k=1.0,tc=0.5,hl=90)",+2.494,4.715,0.161,-0.041
"CVXPYMVUtility(mw=0.02,lb=240,k=2.0,tc=0.5,hl=90)",+2.494,4.715,0.161,-0.041
"CVXPYMVUtility(mw=0.02,lb=240,k=4.0,tc=0.5,hl=90)",+2.494,4.715,0.161,-0.041
"CVXPYMVUtility(mw=0.02,lb=280,k=4.0,tc=0.5,hl=45)",+2.494,4.715,0.161,-0.041
"CVXPYMVUtility(mw=0.02,lb=280,k=1.0,tc=0.5,hl=45)",+2.494,4.715,0.161,-0.041
"CVXPYMVUtility(mw=0.02,lb=280,k=2.0,tc=0.5,hl=45)",+2.494,4.715,0.161,-0.041
"CVXPYMVUtility(mw=0.02,lb=280,k=4.0,tc=0.5,hl=90)",+2.494,4.715,0.161,-0.041
"CVXPYMVUtility(mw=0.02,lb=280,k=2.0,tc=0.5,hl=90)",+2.494,4.715,0.161,-0.041
"CVXPYMVUtility(mw=0.02,lb=280,k=1.0,tc=0.5,hl=90)",+2.494,4.715,0.161,-0.041
"CVXPYMVUtility(mw=0.02,lb=240,k=1.0,tc=1.0,hl=45)",+2.494,4.715,0.161,-0.041
"CVXPYMVUtility(mw=0.02,lb=240,k=2.0,tc=1.0,hl=45)",+2.494,4.715,0.161,-0.041
"CVXPYMVUtility(mw=0.02,lb=240,k=4.0,tc=1.0,hl=45)",+2.494,4.715,0.161,-0.041
"CVXPYMVUtility(mw=0.02,lb=240,k=4.0,tc=1.0,hl=90)",+2.494,4.715,0.161,-0.041
"CVXPYMVUtility(mw=0.02,lb=240,k=2.0,tc=1.0,hl=90)",+2.494,4.715,0.161,-0.041
"CVXPYMVUtility(mw=0.02,lb=240,k=1.0,tc=1.0,hl=90)",+2.494,4.715,0.161,-0.041
"CVXPYMVUtility(mw=0.02,lb=280,k=4.0,tc=1.0,hl=45)",+2.494,4.715,0.161,-0.041
"CVXPYMVUtility(mw=0.02,lb=280,k=1.0,tc=1.0,hl=45)",+2.494,4.715,0.161,-0.041
"CVXPYMVUtility(mw=0.02,lb=280,k=2.0,tc=1.0,hl=45)",+2.494,4.715,0.161,-0.041
"CVXPYMVUtility(mw=0.02,lb=280,k=1.0,tc=1.0,hl=90)",+2.494,4.715,0.161,-0.041
"CVXPYMVUtility(mw=0.02,lb=280,k=4.0,tc=1.0,hl=90)",+2.494,4.715,0.161,-0.041
"CVXPYMVUtility(mw=0.02,lb=280,k=2.0,tc=1.0,hl=90)",+2.494,4.715,0.161,-0.041
"HRP(mw=0.02,lb=240,rb=12,hl=45)",+2.494,4.715,0.161,-0.041
"HRP(mw=0.02,lb=240,rb=12,hl=90)",+2.494,4.715,0.161,-0.041
"HRP(mw=0.02,lb=240,rb=24,hl=45)",+2.494,4.715,0.161,-0.041
"HRP(mw=0.02,lb=240,rb=24,hl=90)",+2.494,4.715,0.161,-0.041
"HRP(mw=0.02,lb=280,rb=12,hl=45)",+2.494,4.715,0.161,-0.041
"HRP(mw=0.02,lb=280,rb=12,hl=90)",+2.494,4.715,0.161,-0.041
"HRP(mw=0.02,lb=280,rb=24,hl=45)",+2.494,4.715,0.161,-0.041
"HRP(mw=0.02,lb=280,rb=24,hl=90)",+2.494,4.715,0.161,-0.041
"CorrSelAdaptive(mw=0.08,mc=0.6,lb=180,n=5)",+2.464,4.436,0.237,-0.090
"KellyOptimal(mw=0.03,lb=280,kf=0.5,hl=90)",+2.441,4.742,0.172,-0.068
"KellyOptimal(mw=0.03,lb=280,kf=0.7,hl=90)",+2.441,4.742,0.172,-0.068
"KellyOptimal(mw=0.03,lb=280,kf=0.3,hl=90)",+2.441,4.742,0.172,-0.068
"CVXPYLedoitSharpe(mw=0.03,lb=280,l2=0.001,hl=90)",+2.440,4.742,0.172,-0.068
"CVXPYLedoitSharpe(mw=0.03,lb=280,l2=0.01,hl=90)",+2.440,4.742,0.172,-0.068
"CVXPYLedoitSharpe(mw=0.03,lb=280,l2=0.05,hl=90)",+2.440,4.742,0.172,-0.068
"QPOptimal(mw=0.02,lb=120,rb=15)",+2.427,3.997,0.200,-0.070
"CVXPYLedoitSharpe(mw=0.02,lb=240,l2=0.001,hl=45)",+2.426,4.772,0.145,-0.070
"CVXPYLedoitSharpe(mw=0.02,lb=240,l2=0.01,hl=45)",+2.424,4.765,0.145,-0.070
"CVXPYLedoitSharpe(mw=0.02,lb=240,l2=0.05,hl=45)",+2.424,4.764,0.145,-0.070
"KellyOptimal(mw=0.03,lb=240,kf=0.3,hl=45)",+2.391,4.602,0.171,-0.073
"KellyOptimal(mw=0.03,lb=240,kf=0.5,hl=45)",+2.391,4.602,0.171,-0.073
"KellyOptimal(mw=0.03,lb=240,kf=0.7,hl=45)",+2.391,4.602,0.171,-0.073
"KellyOptimal(mw=0.02,lb=240,kf=0.3,hl=90)",+2.389,4.668,0.144,-0.065
"KellyOptimal(mw=0.02,lb=240,kf=0.5,hl=90)",+2.389,4.668,0.144,-0.065
"KellyOptimal(mw=0.02,lb=240,kf=0.7,hl=90)",+2.389,4.668,0.144,-0.065
"CVXPYLedoitSharpe(mw=0.03,lb=240,l2=0.001,hl=45)",+2.386,4.588,0.171,-0.073
"CVXPYLedoitSharpe(mw=0.03,lb=240,l2=0.01,hl=45)",+2.386,4.587,0.171,-0.073
"CVXPYLedoitSharpe(mw=0.03,lb=240,l2=0.05,hl=45)",+2.386,4.587,0.171,-0.073
"SmoothAdaptive(lb=300,hl=60)",+2.379,3.717,0.212,-0.051
"SmoothAdaptive(lb=240,hl=60)",+2.363,3.667,0.212,-0.051
"SmoothAdaptive(lb=300,hl=30)",+2.360,3.670,0.211,-0.053
"SmoothAdaptive(lb=240,hl=30)",+2.359,3.663,0.210,-0.053
"CVXPYLedoitSharpe(mw=0.02,lb=240,l2=0.05,hl=90)",+2.356,4.542,0.146,-0.066
"CVXPYLedoitSharpe(mw=0.02,lb=240,l2=0.01,hl=90)",+2.356,4.542,0.146,-0.066
"CVXPYLedoitSharpe(mw=0.02,lb=240,l2=0.001,hl=90)",+2.355,4.540,0.146,-0.066
RiskParity(lb=240),+2.326,3.398,0.241,-0.055
"KellyOptimal(mw=0.03,lb=240,kf=0.3,hl=90)",+2.325,4.398,0.172,-0.069
"KellyOptimal(mw=0.03,lb=240,kf=0.5,hl=90)",+2.325,4.398,0.172,-0.069
"KellyOptimal(mw=0.03,lb=240,kf=0.7,hl=90)",+2.325,4.398,0.172,-0.069
"QPOptimal(mw=0.03,lb=120,rb=60)",+2.323,3.588,0.242,-0.073
"CVXPYLedoitSharpe(mw=0.03,lb=240,l2=0.001,hl=90)",+2.322,4.388,0.172,-0.069
"CVXPYLedoitSharpe(mw=0.03,lb=240,l2=0.01,hl=90)",+2.322,4.388,0.172,-0.069
"CVXPYLedoitSharpe(mw=0.03,lb=240,l2=0.05,hl=90)",+2.322,4.388,0.172,-0.069
"QPOptimal(mw=0.03,lb=120,rb=15)",+2.304,3.583,0.246,-0.061
"QPOptimal(mw=0.03,lb=120,rb=30)",+2.248,3.412,0.244,-0.066
"MinVarBayesian(mw=0.03,lb=240,hl=90)",+2.226,3.917,0.190,-0.047
"CVXPYMVUtility(mw=0.03,lb=240,k=2.0,tc=0.1,hl=90)",+2.225,3.917,0.190,-0.047
"CVXPYMVUtility(mw=0.03,lb=240,k=1.0,tc=0.1,hl=90)",+2.225,3.917,0.190,-0.047
"CVXPYMVUtility(mw=0.03,lb=240,k=4.0,tc=0.1,hl=90)",+2.225,3.917,0.190,-0.047
"CVXPYMVUtility(mw=0.03,lb=280,k=2.0,tc=0.1,hl=90)",+2.225,3.917,0.190,-0.047
"CVXPYMVUtility(mw=0.03,lb=280,k=1.0,tc=0.1,hl=90)",+2.225,3.917,0.190,-0.047
"CVXPYMVUtility(mw=0.03,lb=280,k=4.0,tc=0.1,hl=90)",+2.225,3.917,0.190,-0.047
"CVXPYMVUtility(mw=0.03,lb=240,k=1.0,tc=0.1,hl=45)",+2.225,3.917,0.190,-0.047
"CVXPYMVUtility(mw=0.03,lb=240,k=2.0,tc=0.1,hl=45)",+2.225,3.917,0.190,-0.047
"CVXPYMVUtility(mw=0.03,lb=240,k=4.0,tc=0.1,hl=45)",+2.225,3.917,0.190,-0.047
"CVXPYMVUtility(mw=0.03,lb=280,k=2.0,tc=0.1,hl=45)",+2.225,3.917,0.190,-0.047
"CVXPYMVUtility(mw=0.03,lb=280,k=1.0,tc=0.1,hl=45)",+2.225,3.917,0.190,-0.047
"CVXPYMVUtility(mw=0.03,lb=280,k=4.0,tc=0.1,hl=45)",+2.225,3.917,0.190,-0.047
"CVXPYMVUtility(mw=0.03,lb=240,k=4.0,tc=0.5,hl=90)",+2.225,3.917,0.190,-0.047
"CVXPYMVUtility(mw=0.03,lb=240,k=1.0,tc=0.5,hl=90)",+2.225,3.917,0.190,-0.047
"CVXPYMVUtility(mw=0.03,lb=240,k=2.0,tc=0.5,hl=90)",+2.225,3.917,0.190,-0.047
"CVXPYMVUtility(mw=0.03,lb=280,k=4.0,tc=0.5,hl=90)",+2.225,3.917,0.190,-0.047
"CVXPYMVUtility(mw=0.03,lb=280,k=2.0,tc=0.5,hl=90)",+2.225,3.917,0.190,-0.047
"CVXPYMVUtility(mw=0.03,lb=280,k=1.0,tc=0.5,hl=90)",+2.225,3.917,0.190,-0.047
"CVXPYMVUtility(mw=0.03,lb=240,k=1.0,tc=0.5,hl=45)",+2.225,3.917,0.190,-0.047
"CVXPYMVUtility(mw=0.03,lb=240,k=4.0,tc=0.5,hl=45)",+2.225,3.917,0.190,-0.047
"CVXPYMVUtility(mw=0.03,lb=240,k=2.0,tc=0.5,hl=45)",+2.225,3.917,0.190,-0.047
"CVXPYMVUtility(mw=0.03,lb=240,k=2.0,tc=1.0,hl=90)",+2.225,3.917,0.190,-0.047
"CVXPYMVUtility(mw=0.03,lb=240,k=4.0,tc=1.0,hl=90)",+2.225,3.917,0.190,-0.047
"CVXPYMVUtility(mw=0.03,lb=240,k=1.0,tc=1.0,hl=90)",+2.225,3.917,0.190,-0.047
"CVXPYMVUtility(mw=0.03,lb=280,k=2.0,tc=1.0,hl=90)",+2.225,3.917,0.190,-0.047
"CVXPYMVUtility(mw=0.03,lb=280,k=1.0,tc=1.0,hl=90)",+2.225,3.917,0.190,-0.047
"CVXPYMVUtility(mw=0.03,lb=280,k=2.0,tc=0.5,hl=45)",+2.225,3.917,0.190,-0.047
"CVXPYMVUtility(mw=0.03,lb=280,k=4.0,tc=0.5,hl=45)",+2.225,3.917,0.190,-0.047
"CVXPYMVUtility(mw=0.03,lb=280,k=4.0,tc=1.0,hl=90)",+2.225,3.917,0.190,-0.047
"CVXPYMVUtility(mw=0.03,lb=280,k=1.0,tc=0.5,hl=45)",+2.225,3.917,0.190,-0.047
"CVXPYMVUtility(mw=0.03,lb=240,k=2.0,tc=1.0,hl=45)",+2.225,3.917,0.190,-0.047
"CVXPYMVUtility(mw=0.03,lb=240,k=4.0,tc=1.0,hl=45)",+2.225,3.917,0.190,-0.047
"CVXPYMVUtility(mw=0.03,lb=240,k=1.0,tc=1.0,hl=45)",+2.225,3.917,0.190,-0.047
"CVXPYMVUtility(mw=0.03,lb=280,k=2.0,tc=1.0,hl=45)",+2.225,3.917,0.190,-0.047
"CVXPYMVUtility(mw=0.03,lb=280,k=1.0,tc=1.0,hl=45)",+2.225,3.917,0.190,-0.047
"CVXPYMVUtility(mw=0.03,lb=280,k=4.0,tc=1.0,hl=45)",+2.225,3.917,0.190,-0.047
"HRP(mw=0.03,lb=240,rb=12,hl=45)",+2.225,3.917,0.190,-0.047
"HRP(mw=0.03,lb=240,rb=12,hl=90)",+2.225,3.917,0.190,-0.047
"HRP(mw=0.03,lb=240,rb=24,hl=45)",+2.225,3.917,0.190,-0.047
"HRP(mw=0.03,lb=240,rb=24,hl=90)",+2.225,3.917,0.190,-0.047
"HRP(mw=0.03,lb=280,rb=12,hl=45)",+2.225,3.917,0.190,-0.047
"HRP(mw=0.03,lb=280,rb=12,hl=90)",+2.225,3.917,0.190,-0.047
"HRP(mw=0.03,lb=280,rb=24,hl=45)",+2.225,3.917,0.190,-0.047
"HRP(mw=0.03,lb=280,rb=24,hl=90)",+2.225,3.917,0.190,-0.047
"MinVarBayesian(mw=0.03,lb=280,hl=90)",+2.225,3.917,0.190,-0.047
"MinVarBayesian(mw=0.03,lb=280,hl=45)",+2.225,3.917,0.190,-0.047
"MinVarBayesian(mw=0.03,lb=240,hl=45)",+2.224,3.913,0.190,-0.047
"SelectSharpe(n=4,d=2)",+2.218,4.132,0.151,-0.053
"QPOptimal(mw=0.05,lb=120,rb=15)",+2.092,3.120,0.266,-0.088
"QPOptimal(mw=0.05,lb=120,rb=30)",+2.088,3.104,0.265,-0.089
"SelectSharpe(n=3,d=3)",+2.085,4.142,0.126,-0.057
"QPOptimal(mw=0.05,lb=120,rb=60)",+1.994,2.905,0.264,-0.080
IC-weighted(lb=60),+1.929,2.556,0.256,-0.060
RankDecay(d=3),+1.927,3.357,0.142,-0.045
"RegimeScaled(mw=0.03,lb=360,hl=30)",+1.833,3.210,0.157,-0.070
"ProperDDControl(mw=0.03,lb=280,mdd=0.03)",+1.790,3.084,0.160,-0.078
"ProperDDControl(mw=0.03,lb=240,mdd=0.03)",+1.786,3.068,0.161,-0.078
"RegimeScaled(mw=0.03,lb=280,hl=60)",+1.784,3.058,0.159,-0.070
"RegimeScaled(mw=0.03,lb=280,hl=30)",+1.782,3.066,0.159,-0.074
"ProperDecay(mw=0.03,lb=280,d=2,hl=60)",+1.772,3.027,0.159,-0.070
"ProperDDControl(mw=0.03,lb=280,mdd=0.08)",+1.772,3.037,0.159,-0.074
"ProperDDControl(mw=0.03,lb=280,mdd=0.05)",+1.771,3.041,0.159,-0.076
"ProperDecay(mw=0.03,lb=280,d=2,hl=30)",+1.771,3.035,0.159,-0.074
"RegimeScaled(mw=0.03,lb=360,hl=60)",+1.766,3.022,0.158,-0.068
"RegimeScaled(mw=0.03,lb=240,hl=30)",+1.760,3.002,0.160,-0.076
"RegimeScaled(mw=0.03,lb=240,hl=60)",+1.760,2.993,0.160,-0.072
"RegimeScaled(mw=0.02,lb=360,hl=30)",+1.755,3.077,0.130,-0.068
"ProperDDControl(mw=0.03,lb=240,mdd=0.05)",+1.749,2.980,0.160,-0.078
"ProperDecay(mw=0.03,lb=240,d=2,hl=30)",+1.749,2.972,0.160,-0.076
"ProperDDControl(mw=0.03,lb=240,mdd=0.08)",+1.749,2.972,0.160,-0.076
"ProperDecay(mw=0.03,lb=240,d=2,hl=60)",+1.748,2.963,0.160,-0.072
"RegimeScaled(mw=0.03,lb=240,hl=90)",+1.746,2.948,0.161,-0.070
"RegimeScaled(mw=0.03,lb=280,hl=90)",+1.740,2.935,0.160,-0.068
"ProperDecay(mw=0.03,lb=240,d=2,hl=90)",+1.735,2.918,0.161,-0.070
"ProperDecay(mw=0.03,lb=280,d=2,hl=90)",+1.729,2.905,0.160,-0.068
"SelectSharpe(n=4,d=3)",+1.706,3.027,0.127,-0.068
"RegimeScaled(mw=0.03,lb=360,hl=90)",+1.703,2.846,0.159,-0.064
"RegimeScaled(mw=0.02,lb=280,hl=30)",+1.702,2.919,0.132,-0.070
"ProperDDControl(mw=0.02,lb=280,mdd=0.08)",+1.698,2.908,0.132,-0.070
"ProperDecay(mw=0.02,lb=280,d=2,hl=30)",+1.693,2.895,0.132,-0.070
"RegimeScaled(mw=0.02,lb=240,hl=30)",+1.654,2.794,0.133,-0.070
"ProperDDControl(mw=0.02,lb=280,mdd=0.05)",+1.653,2.804,0.131,-0.072
"ProperDecay(mw=0.02,lb=240,d=2,hl=30)",+1.645,2.771,0.133,-0.070
"ProperDDControl(mw=0.02,lb=240,mdd=0.08)",+1.645,2.771,0.133,-0.070
"RegimeScaled(mw=0.02,lb=240,hl=60)",+1.634,2.738,0.133,-0.068
"ProperDecay(mw=0.02,lb=240,d=2,hl=60)",+1.625,2.715,0.133,-0.068
"RegimeScaled(mw=0.02,lb=280,hl=60)",+1.623,2.713,0.132,-0.067
"ProperDecay(mw=0.02,lb=280,d=2,hl=60)",+1.614,2.690,0.132,-0.067
"ProperDDControl(mw=0.02,lb=240,mdd=0.05)",+1.611,2.690,0.132,-0.072
"ProperDecay(mw=0.03,lb=240,d=3,hl=30)",+1.581,2.798,0.133,-0.070
"RegimeScaled(mw=0.02,lb=360,hl=60)",+1.578,2.616,0.131,-0.065
"ProperDecay(mw=0.03,lb=280,d=3,hl=30)",+1.572,2.779,0.132,-0.068
"ProperDecay(mw=0.03,lb=240,d=3,hl=60)",+1.564,2.745,0.133,-0.067
"ProperDecay(mw=0.03,lb=280,d=3,hl=60)",+1.558,2.729,0.132,-0.065
"ProperDecay(mw=0.03,lb=240,d=3,hl=90)",+1.526,2.636,0.133,-0.063
"RegimeScaled(mw=0.02,lb=240,hl=90)",+1.523,2.457,0.134,-0.065
"ProperDecay(mw=0.02,lb=240,d=2,hl=90)",+1.515,2.436,0.134,-0.065
"ProperDecay(mw=0.03,lb=280,d=3,hl=90)",+1.499,2.565,0.133,-0.062
"RegimeScaled(mw=0.02,lb=280,hl=90)",+1.476,2.346,0.133,-0.064
"ProperDecay(mw=0.05,lb=240,d=2,hl=30)",+1.471,2.368,0.171,-0.075
"ProperDecay(mw=0.05,lb=240,d=2,hl=90)",+1.469,2.336,0.172,-0.070
"ProperDecay(mw=0.02,lb=280,d=2,hl=90)",+1.467,2.325,0.133,-0.064
"ProperDecay(mw=0.05,lb=240,d=2,hl=60)",+1.460,2.326,0.171,-0.073
"ProperDecay(mw=0.05,lb=280,d=2,hl=90)",+1.458,2.311,0.171,-0.068
"ProperDecay(mw=0.05,lb=280,d=2,hl=60)",+1.446,2.293,0.171,-0.071
"ProperDecay(mw=0.05,lb=280,d=2,hl=30)",+1.424,2.254,0.170,-0.074
"ProperDDControl(mw=0.02,lb=240,mdd=0.03)",+1.420,2.221,0.132,-0.071
"ProperDDControl(mw=0.02,lb=280,mdd=0.03)",+1.402,2.187,0.131,-0.071
"RegimeScaled(mw=0.02,lb=360,hl=90)",+1.387,2.147,0.132,-0.061
"ProperDecay(mw=0.03,lb=280,d=4,hl=60)",+1.379,2.437,0.115,-0.063
"ProperDecay(mw=0.03,lb=240,d=4,hl=60)",+1.379,2.435,0.116,-0.065
"ProperDecay(mw=0.05,lb=240,d=3,hl=30)",+1.371,2.321,0.142,-0.073
"ProperDecay(mw=0.03,lb=280,d=4,hl=30)",+1.369,2.419,0.115,-0.067
"ProperDecay(mw=0.03,lb=240,d=4,hl=30)",+1.362,2.399,0.116,-0.069
"ProperDecay(mw=0.03,lb=240,d=4,hl=90)",+1.354,2.361,0.116,-0.062
"ProperDecay(mw=0.05,lb=240,d=3,hl=60)",+1.342,2.234,0.142,-0.070
"ProperDecay(mw=0.05,lb=240,d=3,hl=90)",+1.341,2.224,0.143,-0.068
"ProperDecay(mw=0.03,lb=280,d=4,hl=90)",+1.332,2.303,0.116,-0.060
"ProperDecay(mw=0.05,lb=280,d=3,hl=90)",+1.320,2.172,0.142,-0.067
"ProperDecay(mw=0.05,lb=280,d=3,hl=60)",+1.313,2.163,0.142,-0.069
"ProperDecay(mw=0.05,lb=280,d=3,hl=30)",+1.306,2.158,0.142,-0.071
"ProperDecay(mw=0.02,lb=280,d=3,hl=30)",+1.301,2.133,0.109,-0.074
"ProperDecay(mw=0.02,lb=240,d=3,hl=30)",+1.272,2.059,0.110,-0.073
"ProperDecay(mw=0.02,lb=240,d=3,hl=60)",+1.236,1.971,0.110,-0.066
"ProperDecay(mw=0.02,lb=280,d=3,hl=60)",+1.207,1.903,0.110,-0.068
"ProperDecay(mw=0.05,lb=240,d=4,hl=30)",+1.193,2.017,0.125,-0.076
"ProperDecay(mw=0.05,lb=240,d=4,hl=90)",+1.182,1.972,0.125,-0.072
"ProperDecay(mw=0.05,lb=240,d=4,hl=60)",+1.178,1.967,0.125,-0.072
"ProperDecay(mw=0.05,lb=280,d=4,hl=90)",+1.169,1.941,0.124,-0.074
"ProperDecay(mw=0.05,lb=280,d=4,hl=60)",+1.160,1.925,0.124,-0.074
"ProperDecay(mw=0.05,lb=280,d=4,hl=30)",+1.146,1.900,0.124,-0.076
"ProperDecay(mw=0.02,lb=240,d=3,hl=90)",+1.101,1.653,0.111,-0.063
"ProperDecay(mw=0.02,lb=280,d=3,hl=90)",+1.060,1.563,0.110,-0.064
"ProperDecay(mw=0.02,lb=280,d=4,hl=30)",+0.945,1.419,0.096,-0.079
"ProperDecay(mw=0.02,lb=240,d=4,hl=30)",+0.895,1.306,0.096,-0.077
"ProperDecay(mw=0.02,lb=280,d=4,hl=60)",+0.879,1.272,0.096,-0.073
"ProperDecay(mw=0.02,lb=240,d=4,hl=60)",+0.871,1.253,0.096,-0.072
"ProperDecay(mw=0.02,lb=240,d=4,hl=90)",+0.810,1.122,0.096,-0.069
"ProperDecay(mw=0.02,lb=280,d=4,hl=90)",+0.800,1.104,0.096,-0.070
"RegimeDeadband(mw=0.02,lb=240,hl=30,db=0.001)",+0.000,0.000,0.000,0.000
"RegimeDeadband(mw=0.02,lb=240,hl=30,db=0.002)",+0.000,0.000,0.000,0.000
"RegimeDeadband(mw=0.02,lb=240,hl=30,db=0.004)",+0.000,0.000,0.000,0.000
"RegimeDeadband(mw=0.02,lb=240,hl=60,db=0.001)",+0.000,0.000,0.000,0.000
"RegimeDeadband(mw=0.02,lb=240,hl=60,db=0.002)",+0.000,0.000,0.000,0.000
"RegimeDeadband(mw=0.02,lb=240,hl=60,db=0.004)",+0.000,0.000,0.000,0.000
"RegimeDeadband(mw=0.02,lb=280,hl=30,db=0.001)",+0.000,0.000,0.000,0.000
"RegimeDeadband(mw=0.02,lb=280,hl=30,db=0.002)",+0.000,0.000,0.000,0.000
"RegimeDeadband(mw=0.02,lb=280,hl=30,db=0.004)",+0.000,0.000,0.000,0.000
"RegimeDeadband(mw=0.02,lb=280,hl=60,db=0.001)",+0.000,0.000,0.000,0.000
"RegimeDeadband(mw=0.02,lb=280,hl=60,db=0.002)",+0.000,0.000,0.000,0.000
"RegimeDeadband(mw=0.02,lb=280,hl=60,db=0.004)",+0.000,0.000,0.000,0.000
"RegimeDeadband(mw=0.02,lb=360,hl=30,db=0.001)",+0.000,0.000,0.000,0.000
"RegimeDeadband(mw=0.02,lb=360,hl=30,db=0.002)",+0.000,0.000,0.000,0.000
"RegimeDeadband(mw=0.02,lb=360,hl=30,db=0.004)",+0.000,0.000,0.000,0.000
"RegimeDeadband(mw=0.02,lb=360,hl=60,db=0.001)",+0.000,0.000,0.000,0.000
"RegimeDeadband(mw=0.02,lb=360,hl=60,db=0.002)",+0.000,0.000,0.000,0.000
"RegimeDeadband(mw=0.02,lb=360,hl=60,db=0.004)",+0.000,0.000,0.000,0.000
"RegimeDeadband(mw=0.03,lb=240,hl=30,db=0.001)",+0.000,0.000,0.000,0.000
"RegimeDeadband(mw=0.03,lb=240,hl=30,db=0.002)",+0.000,0.000,0.000,0.000
"RegimeDeadband(mw=0.03,lb=240,hl=30,db=0.004)",+0.000,0.000,0.000,0.000
"RegimeDeadband(mw=0.03,lb=240,hl=60,db=0.001)",+0.000,0.000,0.000,0.000
"RegimeDeadband(mw=0.03,lb=240,hl=60,db=0.002)",+0.000,0.000,0.000,0.000
"RegimeDeadband(mw=0.03,lb=240,hl=60,db=0.004)",+0.000,0.000,0.000,0.000
"RegimeDeadband(mw=0.03,lb=280,hl=30,db=0.001)",+0.000,0.000,0.000,0.000
"RegimeDeadband(mw=0.03,lb=280,hl=30,db=0.002)",+0.000,0.000,0.000,0.000
"RegimeDeadband(mw=0.03,lb=280,hl=30,db=0.004)",+0.000,0.000,0.000,0.000
"RegimeDeadband(mw=0.03,lb=280,hl=60,db=0.001)",+0.000,0.000,0.000,0.000
"RegimeDeadband(mw=0.03,lb=280,hl=60,db=0.002)",+0.000,0.000,0.000,0.000
"RegimeDeadband(mw=0.03,lb=280,hl=60,db=0.004)",+0.000,0.000,0.000,0.000
"RegimeDeadband(mw=0.03,lb=360,hl=30,db=0.001)",+0.000,0.000,0.000,0.000
"RegimeDeadband(mw=0.03,lb=360,hl=30,db=0.002)",+0.000,0.000,0.000,0.000
"RegimeDeadband(mw=0.03,lb=360,hl=30,db=0.004)",+0.000,0.000,0.000,0.000
"RegimeDeadband(mw=0.03,lb=360,hl=60,db=0.001)",+0.000,0.000,0.000,0.000
"RegimeDeadband(mw=0.03,lb=360,hl=60,db=0.002)",+0.000,0.000,0.000,0.000
"RegimeDeadband(mw=0.03,lb=360,hl=60,db=0.004)",+0.000,0.000,0.000,0.000
