symbol,shortable,shortableShares,last_close,shortable_dollars,shortable_indicator,fee_rate,status
ABEO,True,3142268,5.505,17298185.34,,,AVAILABLE
ABXL,True,54603,25.76,1406573.28,,,AVAILABLE
ACCO,True,3555665,3.325,11822586.12,,,AVAILABLE
ACEL,True,875640,11.88,10402603.2,,,AVAILABLE
ACIC,True,1030861,11.955,12323943.26,,,AVAILABLE
ACNB,True,78962,51.44,4061805.28,,,AVAILABLE
ACRS,True,2664098,4.205,11202532.09,,,AVAILABLE
ACTG,True,2055975,5.016,10312770.6,,,AVAILABLE
ADV,True,1323,31.75,42005.25,,,AVAILABLE
AENT,True,6906,7.3,50413.8,,,AVAILABLE
AFGB,True,60711,21.03,1276752.33,,,AVAILABLE
AFGC,True,115898,18.88,2188154.24,,,AVAILABLE
AFGD,True,79833,20.31,1621408.23,,,AVAILABLE
AFGE,True,75788,16.65,1261870.2,,,AVAILABLE
AGL,True,204220,27.28,5571121.6,,,AVAILABLE
AIOT,True,2395766,3.4753,8326005.58,,,AVAILABLE
AIZN,True,36617,20.095,735818.61,,,AVAILABLE
AKBA,True,4114605,1.4347,5903223.79,,,AVAILABLE
ALCO,True,147650,43.46,6416869.0,,,AVAILABLE
ALEC,True,2054227,2.715,5577226.3,,,AVAILABLE
ALRS,True,350888,25.635,8995013.88,,,AVAILABLE
ALTI,True,891013,3.8397,3421222.62,,,AVAILABLE
ALTO,True,3197379,4.9248,15746452.1,,,AVAILABLE
AMAL,True,148181,43.6,6460691.6,,,AVAILABLE
AMCX,True,1556214,8.72,13570186.08,,,AVAILABLE
AMTB,True,1021195,23.885,24391242.58,,,AVAILABLE
ANGO,True,957926,10.92,10460551.92,,,AVAILABLE
AOSL,True,547264,40.7052,22276490.57,,,AVAILABLE
APC,True,705551,18.409,12988488.36,,,AVAILABLE
APOS,True,58522,25.9,1515719.8,,,AVAILABLE
AQNB,True,81403,25.9,2108337.7,,,AVAILABLE
AQST,True,249583,4.3001,1073231.86,,,AVAILABLE
ARDT,True,804257,10.12,8139080.84,,,AVAILABLE
ARKO,True,1464392,6.94,10162880.48,,,AVAILABLE
ARMP,True,153356,12.55,1924617.8,,,AVAILABLE
AROW,True,194371,37.215,7233516.77,,,AVAILABLE
ARTNA,True,166827,32.8046,5472693.0,,,AVAILABLE
ARTV,True,284227,14.4001,4092897.22,,,AVAILABLE
ASA,True,112570,69.595,7834309.15,,,AVAILABLE
ASBA,True,11966,24.97,298791.02,,,AVAILABLE
ASLE,True,1458206,6.88,10032457.28,,,AVAILABLE
ASMB,True,264054,28.2,7446322.8,,,AVAILABLE
ATHS,True,151790,24.925,3783365.75,,,AVAILABLE
ATLC,True,65391,72.4531,4737780.66,,,AVAILABLE
ATNI,True,205364,28.4,5832337.6,,,AVAILABLE
AURA,True,798933,7.015,5604515.0,,,AVAILABLE
AVIR,True,1453446,5.74,8342780.04,,,AVAILABLE
BALY,True,8035,11.88,95455.8,,,AVAILABLE
BAND,True,743587,24.1588,17964169.62,,,AVAILABLE
BATRA,True,50139,53.76,2695472.64,,,AVAILABLE
BBCP,True,583295,7.67,4473872.65,,,AVAILABLE
BBDC,True,1216306,9.0175,10968039.36,,,AVAILABLE
BCAL,True,1193197,18.7596,22383898.44,,,AVAILABLE
BCML,True,84677,28.775,2436580.67,,,AVAILABLE
BEPH,True,536381,14.9527,8020344.18,,,AVAILABLE
BEPI,True,527251,15.62,8235660.62,,,AVAILABLE
BFST,True,545091,29.18,15905755.38,,,AVAILABLE
BHB,True,242217,34.505,8357697.59,,,AVAILABLE
BIPH,True,157468,16.46,2591923.28,,,AVAILABLE
BIPI,True,381576,16.54,6311267.04,,,AVAILABLE
BKTI,True,76023,94.51,7184933.73,,,AVAILABLE
BMRC,True,420747,26.48,11141380.56,,,AVAILABLE
BNED,True,133605,10.93,1460302.65,,,AVAILABLE
BNH,True,401218,16.03,6431524.54,,,AVAILABLE
BNJ,True,310909,15.29,4753798.61,,,AVAILABLE
BNTC,True,201240,14.21,2859620.4,,,AVAILABLE
BOC,True,972838,12.4,12063191.2,,,AVAILABLE
BOW,True,545425,24.075,13131106.88,,,AVAILABLE
BRBS,True,4254116,3.575,15208464.7,,,AVAILABLE
BSM,True,2874675,13.87,39871742.25,,,AVAILABLE
BSRR,True,105305,37.09,3905762.45,,,AVAILABLE
BSVN,True,109648,43.55,4775170.4,,,AVAILABLE
BV,True,3375024,12.68,42795304.32,,,AVAILABLE
BVS,True,1719681,10.315,17738509.52,,,AVAILABLE
BWB,True,653055,19.095,12470085.22,,,AVAILABLE
BWFG,True,150748,52.81,7961001.88,,,AVAILABLE
BWMN,True,259326,31.53,8176548.78,,,AVAILABLE
BXC,True,234658,59.56,13976230.48,,,AVAILABLE
BY,True,416461,33.62,14001418.82,,,AVAILABLE
CABA,True,2157668,3.335,7195822.78,,,AVAILABLE
CAC,True,213226,50.5799,10784949.76,,,AVAILABLE
CADL,True,776752,7.4857,5814532.45,,,AVAILABLE
CAPL,True,211462,21.1521,4472865.37,,,AVAILABLE
CARE,True,643367,24.305,15637034.94,,,AVAILABLE
CASS,True,138998,48.69,6767812.62,,,AVAILABLE
CATX,True,741615,4.735,3511547.03,,,AVAILABLE
CBAN,True,435998,21.27,9273677.46,,,AVAILABLE
CBIO,True,791808,21.88,17324759.04,,,AVAILABLE
CBLL,True,723578,20.98,15180666.44,,,AVAILABLE
CBNK,True,545083,32.685,17816037.86,,,AVAILABLE
CCAP,True,1214652,13.595,16513193.94,,,AVAILABLE
CCBG,True,248415,47.12,11705314.8,,,AVAILABLE
CCIX,True,1000353,10.75,10753794.75,,,AVAILABLE
CCNE,True,330157,31.28,10327310.96,,,AVAILABLE
CCRN,True,1700086,9.9479,16912285.52,,,AVAILABLE
CCSI,True,1506665,28.5199,42969935.13,,,AVAILABLE
CCZ,True,45300,65.0,2944500.0,,,AVAILABLE
CD,True,5451,5.715,31152.47,,,AVAILABLE
CDZI,True,1858656,4.99,9274693.44,,,AVAILABLE
CENT,True,209811,38.605,8099753.65,,,AVAILABLE
CERS,True,3986680,2.04,8132827.2,,,AVAILABLE
CET,True,110346,52.85,5831786.1,,,AVAILABLE
CGABL,True,62222,17.54,1091373.88,,,AVAILABLE
CHMG,True,34966,67.885,2373666.91,,,AVAILABLE
CHSCL,True,41745,25.5,1064497.5,,,AVAILABLE
CION,True,1048040,7.595,7959863.8,,,AVAILABLE
CIVB,True,509648,24.385,12427766.48,,,AVAILABLE
CLBK,True,234495,18.48,4333467.6,,,AVAILABLE
CLFD,True,162664,30.95,5034450.8,,,AVAILABLE
CLMB,True,554952,22.1839,12310999.67,,,AVAILABLE
CLNE,True,4183363,2.295,9600818.08,,,AVAILABLE
CLPT,True,900485,11.2149,10098849.23,,,AVAILABLE
CLYM,True,1426346,9.26,13207963.96,,,AVAILABLE
CMSA,True,32500,21.9295,712708.75,,,AVAILABLE
CMSC,True,32732,22.74,744325.68,,,AVAILABLE
CMSD,False,0,23.04,0.0,,,HARD_TO_BORROW
CNXN,True,333330,63.62,21206454.6,,,AVAILABLE
COFS,False,0,30.81,0.0,,,HARD_TO_BORROW
CPF,True,607806,34.78,21139492.68,,,AVAILABLE
CPS,True,984210,31.62,31120720.2,,,AVAILABLE
CRCT,True,398123,4.555,1813450.26,,,AVAILABLE
CRD-A,False,0,10.86,0.0,,,HARD_TO_BORROW
CRNC,True,1088493,8.95,9742012.35,,,AVAILABLE
CRSR,True,1070135,6.5267,6984450.1,,,AVAILABLE
CSV,True,230905,48.85,11279709.25,,,AVAILABLE
CTA-PA,False,0,54.75,0.0,,,HARD_TO_BORROW
CTBB,True,924033,19.16,17704472.28,,,AVAILABLE
CTBI,True,404251,66.33,26813968.83,,,AVAILABLE
CTDD,True,775864,19.31,14981933.84,,,AVAILABLE
CTEV,True,265147,21.965,5823953.85,,,AVAILABLE
CTKB,True,9020013,4.565,41176359.35,,,AVAILABLE
CTNM,False,0,13.44,0.0,,,HARD_TO_BORROW
CTOS,False,0,7.925,0.0,,,HARD_TO_BORROW
CTRN,True,122829,50.69,6226202.01,,,AVAILABLE
CUBB,True,70298,23.3,1637943.4,,,AVAILABLE
CVEO,False,0,30.89,0.0,,,HARD_TO_BORROW
CVLG,True,586599,30.96,18161105.04,,,AVAILABLE
CWBC,False,0,24.305,0.0,,,HARD_TO_BORROW
CYH,True,1977457,3.21,6347636.97,,,AVAILABLE
CYRX,True,1022319,10.49,10724126.31,,,AVAILABLE
CZFS,False,0,69.27,0.0,,,HARD_TO_BORROW
CZNC,True,89765,23.705,2127879.32,,,AVAILABLE
DBI,True,6767530,7.87,53260461.1,,,AVAILABLE
DCTH,True,2352137,10.9631,25786713.14,,,AVAILABLE
DDD,True,2190481,2.3,5038106.3,,,AVAILABLE
DGICA,True,223119,17.65,3938050.35,,,AVAILABLE
DHIL,False,0,174.96,0.0,,,HARD_TO_BORROW
DKL,False,0,50.58,0.0,,,HARD_TO_BORROW
DMAC,True,848116,6.5569,5561011.8,,,AVAILABLE
DMLP,True,899131,27.9635,25142849.72,,,AVAILABLE
DNUT,False,0,3.88,0.0,,,HARD_TO_BORROW
DSGN,True,1638201,13.231,21675037.43,,,AVAILABLE
DSGR,False,0,27.3,0.0,,,HARD_TO_BORROW
DSP,True,394075,11.0874,4369267.16,,,AVAILABLE
DTB,True,108136,16.99,1837230.64,,,AVAILABLE
DTG,True,106748,17.15,1830728.2,,,AVAILABLE
DTW,True,1174,21.56,25311.44,,,AVAILABLE
DUKB,False,0,24.07,0.0,,,HARD_TO_BORROW
EAI,False,0,20.73,0.0,,,HARD_TO_BORROW
EBF,True,668110,19.64,13121680.4,,,AVAILABLE
EBS,False,0,8.515,0.0,,,HARD_TO_BORROW
ECC,False,0,4.025,0.0,,,HARD_TO_BORROW
ECCC,True,24132,24.52,591716.64,,,AVAILABLE
ECCU,True,99058,25.2099,2497242.27,,,AVAILABLE
ECCV,True,29250,23.75,694687.5,,,AVAILABLE
ECCW,True,22848,25.12,573941.76,,,AVAILABLE
ECCX,False,0,25.13,0.0,,,HARD_TO_BORROW
EDIT,False,0,3.535,0.0,,,HARD_TO_BORROW
EEX,True,701552,4.805,3370957.36,,,AVAILABLE
EICA,False,0,24.97,0.0,,,HARD_TO_BORROW
EICC,False,0,,0.0,,,HARD_TO_BORROW
ELA,False,0,17.84,0.0,,,HARD_TO_BORROW
ELC,False,0,20.69,0.0,,,HARD_TO_BORROW
ENTA,True,439538,14.09,6193090.42,,,AVAILABLE
EOLS,False,0,5.185,0.0,,,HARD_TO_BORROW
EQBK,False,0,45.625,0.0,,,HARD_TO_BORROW
ETI-P,False,0,24.0,0.0,,,HARD_TO_BORROW
EU,True,838526,2.0946,1756376.56,,,AVAILABLE
EVC,False,0,3.515,0.0,,,HARD_TO_BORROW
EVCM,False,0,12.29,0.0,,,HARD_TO_BORROW
EVEX,True,1537378,2.915,4481456.87,,,AVAILABLE
EWCZ,True,1811523,5.83,10561179.09,,,AVAILABLE
FBIZ,True,173631,59.43,10318890.33,,,AVAILABLE
FBYD,False,0,13.05,0.0,,,HARD_TO_BORROW
FCBC,False,0,43.34,0.0,,,HARD_TO_BORROW
FCRX,False,0,25.02,0.0,,,HARD_TO_BORROW
FDUS,True,820934,18.845,15470501.23,,,AVAILABLE
FFIC,False,0,16.36,0.0,,,HARD_TO_BORROW
FGN,True,102814,24.94,2564181.16,,,AVAILABLE
FHTX,True,338478,5.415,1832858.37,,,AVAILABLE
FIP,True,1611149,5.9282,9551213.5,,,AVAILABLE
FISI,True,651944,35.12,22896273.28,,,AVAILABLE
FLWS,True,3923276,4.8392,18985517.22,,,AVAILABLE
FMAO,False,0,27.67,0.0,,,HARD_TO_BORROW
FMBH,True,318982,43.73,13949082.86,,,AVAILABLE
FMNB,True,899373,14.09,12672165.57,,,AVAILABLE
FNLC,True,133482,29.4,3924370.8,,,AVAILABLE
FOR,True,763735,26.81,20475735.35,,,AVAILABLE
FOSL,False,0,5.625,0.0,,,HARD_TO_BORROW
FPH,True,2234320,5.265,11763694.8,,,AVAILABLE
FRBA,True,496411,16.96,8419130.56,,,AVAILABLE
FRPH,True,1018056,22.035,22432863.96,,,AVAILABLE
FRST,True,940053,14.12,13273548.36,,,AVAILABLE
FSBC,False,0,41.2,0.0,,,HARD_TO_BORROW
FSBW,True,102988,41.94,4319316.72,,,AVAILABLE
FSTR,True,495990,30.005,14882179.95,,,AVAILABLE
FTK,False,0,15.49,0.0,,,HARD_TO_BORROW
GAIN,True,454870,15.905,7234707.35,,,AVAILABLE
GAINI,True,128600,25.31,3254866.0,,,AVAILABLE
GAM,True,280379,64.1,17972293.9,,,AVAILABLE
GBFH,False,0,30.16,0.0,,,HARD_TO_BORROW
GBLI,False,0,27.5,0.0,,,HARD_TO_BORROW
GCBC,False,0,23.9,0.0,,,HARD_TO_BORROW
GDEN,False,0,28.53,0.0,,,HARD_TO_BORROW
GDRX,True,3584353,2.38,8530760.14,,,AVAILABLE
GECCI,False,0,25.31,0.0,,,HARD_TO_BORROW
GEGGL,True,16600,24.41,405206.0,,,AVAILABLE
GEL,False,0,16.81,0.0,,,HARD_TO_BORROW
GETY,False,0,0.9092,0.0,,,HARD_TO_BORROW
GIC,False,0,33.72,0.0,,,HARD_TO_BORROW
GLAD,False,0,19.245,0.0,,,HARD_TO_BORROW
GLP,False,0,46.16,0.0,,,HARD_TO_BORROW
GLSI,False,0,24.535,0.0,,,HARD_TO_BORROW
GNE,True,309208,13.635,4216051.08,,,AVAILABLE
GRNT,True,8045158,5.025,40426918.95,,,AVAILABLE
GSBC,True,259665,66.8939,17370004.54,,,AVAILABLE
GTN,True,1421259,6.185,8790486.91,,,AVAILABLE
GYRE,True,173181,7.895,1367263.99,,,AVAILABLE
HBNC,True,970935,18.03,17505958.05,,,AVAILABLE
HBT,True,169030,28.43,4805522.9,,,AVAILABLE
HCKT,True,463057,14.14,6547625.98,,,AVAILABLE
HCXY,False,0,24.75,0.0,,,HARD_TO_BORROW
HGTY,True,1100692,10.875,11970025.5,,,AVAILABLE
HIPO,True,680274,28.855,19629306.27,,,AVAILABLE
HLLY,True,1900296,3.38,6423000.48,,,AVAILABLE
HNST,False,0,3.4703,0.0,,,HARD_TO_BORROW
HQH,False,0,19.8048,0.0,,,HARD_TO_BORROW
HQL,True,235697,18.0,4242546.0,,,AVAILABLE
HSTM,False,0,21.405,0.0,,,HARD_TO_BORROW
HTB,True,163765,45.665,7478328.72,,,AVAILABLE
HTFC,False,0,24.63,0.0,,,HARD_TO_BORROW
HTLD,True,801595,11.815,9470844.92,,,AVAILABLE
HVT,True,386015,23.3,8994149.5,,,AVAILABLE
HY,True,292065,38.32,11191930.8,,,AVAILABLE
HYLN,True,1500293,1.97,2955577.21,,,AVAILABLE
IBEX,True,625400,28.785,18002139.0,,,AVAILABLE
IEP,True,1072777,8.0201,8603778.82,,,AVAILABLE
IHRT,True,1139303,4.15,4728107.45,,,AVAILABLE
IIIN,False,0,25.2899,0.0,,,HARD_TO_BORROW
IIIV,True,172314,22.0517,3799816.63,,,AVAILABLE
IMXI,True,1093650,15.88,17367162.0,,,AVAILABLE
INNV,False,0,8.046,0.0,,,HARD_TO_BORROW
INV,True,548186,5.92,3245261.12,,,AVAILABLE
IRD,True,1096922,5.4595,5988645.66,,,AVAILABLE
ISBA,True,116591,41.865,4881082.21,,,AVAILABLE
ITIC,True,82644,240.01,19835386.44,,,AVAILABLE
JBSS,True,167152,81.16,13566056.32,,,AVAILABLE
JMSB,True,614144,21.7,13326924.8,,,AVAILABLE
JOUT,False,0,52.725,0.0,,,HARD_TO_BORROW
JSM,True,216126,18.56,4011298.56,,,AVAILABLE
JXN-PA,False,0,26.06,0.0,,,HARD_TO_BORROW
KBDC,True,370418,14.715,5450700.87,,,AVAILABLE
KE,False,0,27.19,0.0,,,HARD_TO_BORROW
KELYA,True,1400006,9.57,13398057.42,,,AVAILABLE
KFS,True,1958303,11.87,23245056.61,,,AVAILABLE
KIDS,True,978023,16.68,16313423.64,,,AVAILABLE
KKRS,True,219592,16.88,3706712.96,,,AVAILABLE
KLC,False,0,3.34,0.0,,,HARD_TO_BORROW
KMPB,True,171985,23.9,4110441.5,,,AVAILABLE
KRNY,False,0,8.0995,0.0,,,HARD_TO_BORROW
KRO,True,542586,6.375,3458985.75,,,AVAILABLE
KROS,True,563645,11.7299,6611499.49,,,AVAILABLE
KRT,True,394803,30.04,11859882.12,,,AVAILABLE
KYTX,True,890976,11.1701,9952291.02,,,AVAILABLE
LAB,True,11035018,0.9673,10674172.91,,,AVAILABLE
LCTX,True,13089032,1.665,21793238.28,,,AVAILABLE
LDI,True,1209447,1.785,2158862.9,,,AVAILABLE
LEGH,True,101878,21.914,2232554.49,,,AVAILABLE
LEO,True,562577,6.425,3614557.23,,,AVAILABLE
LNKB,False,0,8.935,0.0,,,HARD_TO_BORROW
LQDT,True,950817,33.82,32156630.94,,,AVAILABLE
LUCK,True,246351,9.16,2256575.16,,,AVAILABLE
LVWR,False,0,2.07,0.0,,,HARD_TO_BORROW
LWAY,True,107284,26.34,2825860.56,,,AVAILABLE
LXEO,True,1772013,6.6,11695285.8,,,AVAILABLE
LXFR,True,1071537,12.83,13747819.71,,,AVAILABLE
LXRX,True,3389350,1.8351,6219796.18,,,AVAILABLE
LYEL,True,213049,24.06,5125958.94,,,AVAILABLE
LYTS,True,1502510,20.3022,30504258.52,,,AVAILABLE
MAGN,True,1483731,11.19,16602949.89,,,AVAILABLE
MAMA,True,1409132,14.27,20108313.64,,,AVAILABLE
MATV,True,1730227,9.685,16757248.5,,,AVAILABLE
MATW,True,655451,27.32,17906921.32,,,AVAILABLE
MAX,False,0,10.055,0.0,,,HARD_TO_BORROW
MBI,True,2063575,6.07,12525900.25,,,AVAILABLE
MBINL,True,45423,24.3,1103778.9,,,AVAILABLE
MBWM,False,0,53.465,0.0,,,HARD_TO_BORROW
MCBS,True,114305,32.245,3685764.72,,,AVAILABLE
MCFT,False,0,23.61,0.0,,,HARD_TO_BORROW
MCHB,True,317102,15.655,4964231.81,,,AVAILABLE
MCI,False,0,17.84,0.0,,,HARD_TO_BORROW
MCS,True,1235721,19.38,23948272.98,,,AVAILABLE
MDXG,True,3241052,3.21,10403776.92,,,AVAILABLE
MEC,False,0,20.89,0.0,,,HARD_TO_BORROW
MEG,False,0,21.62,0.0,,,HARD_TO_BORROW
METCB,True,492980,10.81,5329113.8,,,AVAILABLE
METCZ,True,150450,25.08,3773286.0,,,AVAILABLE
MG,True,352483,18.05,6362318.15,,,AVAILABLE
MGPI,False,0,19.98,0.0,,,HARD_TO_BORROW
MGR,False,0,20.3,0.0,,,HARD_TO_BORROW
MGRB,True,196949,16.74,3296926.26,,,AVAILABLE
MGRD,True,148026,14.9501,2213003.5,,,AVAILABLE
MGRE,True,18754,23.72,444844.88,,,AVAILABLE
MGTX,True,942398,10.35,9753819.3,,,AVAILABLE
MHLA,True,87046,11.849,1031408.05,,,AVAILABLE
MHNC,False,0,12.6,0.0,,,HARD_TO_BORROW
MKC-V,False,0,52.0601,0.0,,,HARD_TO_BORROW
MLP,True,221626,16.18,3585908.68,,,AVAILABLE
MLR,False,0,48.155,0.0,,,HARD_TO_BORROW
MOV,True,489356,28.67,14029836.52,,,AVAILABLE
MPB,True,629452,34.39,21646854.28,,,AVAILABLE
MRVI,True,5419588,3.5528,19254712.25,,,AVAILABLE
MSBI,True,413847,23.8,9849558.6,,,AVAILABLE
MSIF,False,0,12.95,0.0,,,HARD_TO_BORROW
MTRX,True,1100748,12.2545,13489116.37,,,AVAILABLE
MTW,True,989883,12.945,12814035.44,,,AVAILABLE
MVBF,True,402641,26.23,10561273.43,,,AVAILABLE
MYE,True,1384711,21.43,29674356.73,,,AVAILABLE
NABL,True,3583671,5.255,18832191.11,,,AVAILABLE
NAGE,True,6113722,4.85,29651551.7,,,AVAILABLE
NATH,False,0,101.4163,0.0,,,HARD_TO_BORROW
NATR,False,0,27.19,0.0,,,HARD_TO_BORROW
NAUT,False,0,2.985,0.0,,,HARD_TO_BORROW
NBBK,False,0,22.2927,0.0,,,HARD_TO_BORROW
NBP,False,0,2.635,0.0,,,HARD_TO_BORROW
NC,False,0,48.76,0.0,,,HARD_TO_BORROW
NCDL,True,629881,14.59,9189963.79,,,AVAILABLE
NCMI,True,1760635,3.665,6452727.28,,,AVAILABLE
NECB,True,446994,25.115,11226254.31,,,AVAILABLE
NEGG,False,0,43.89,0.0,,,HARD_TO_BORROW
NEWT,True,3093538,13.11,40556283.18,,,AVAILABLE
NEWTH,False,0,25.1,0.0,,,HARD_TO_BORROW
NEWTO,True,3396,25.7,87277.2,,,AVAILABLE
NFBK,True,1071207,13.875,14862997.12,,,AVAILABLE
NGL,True,6426454,13.6,87399774.4,,,AVAILABLE
NGNE,True,161122,27.84,4485636.48,,,AVAILABLE
NGS,True,348734,37.02,12910132.68,,,AVAILABLE
NGVC,True,415210,28.1,11667401.0,,,AVAILABLE
NMAX,True,18700527,7.095,132680239.06,,,AVAILABLE
NMRA,True,1954309,2.225,4348337.53,,,AVAILABLE
NOVTU,True,361854,58.06,21009243.24,,,AVAILABLE
NPCE,True,383826,16.495,6331209.87,,,AVAILABLE
NRC,True,499017,18.365,9164447.21,,,AVAILABLE
NRIM,True,393967,24.935,9823567.14,,,AVAILABLE
NRP,False,0,116.0,0.0,,,HARD_TO_BORROW
NUS,True,1928589,7.82,15081565.98,,,AVAILABLE
NVEC,True,89186,81.3,7250821.8,,,AVAILABLE
NXDR,True,8774009,1.535,13468103.81,,,AVAILABLE
NXP,True,20005,14.29,285871.45,,,AVAILABLE
OAK-PA,False,0,20.97,0.0,,,HARD_TO_BORROW
OAK-PB,False,0,20.9,0.0,,,HARD_TO_BORROW
OBT,False,0,36.1,0.0,,,HARD_TO_BORROW
ODC,True,294838,73.27,21602780.26,,,AVAILABLE
OFIX,False,0,12.72,0.0,,,HARD_TO_BORROW
OFLX,False,0,33.18,0.0,,,HARD_TO_BORROW
ONIT,False,0,45.31,0.0,,,HARD_TO_BORROW
OOMA,False,0,15.84,0.0,,,HARD_TO_BORROW
OPFI,False,0,8.865,0.0,,,HARD_TO_BORROW
OPK,False,0,1.225,0.0,,,HARD_TO_BORROW
OPTU,False,0,1.695,0.0,,,HARD_TO_BORROW
OPTX,False,0,9.68,0.0,,,HARD_TO_BORROW
OPY,False,0,113.71,0.0,,,HARD_TO_BORROW
ORGO,False,0,2.495,0.0,,,HARD_TO_BORROW
ORN,False,0,12.1,0.0,,,HARD_TO_BORROW
OXLCG,False,0,24.9,0.0,,,HARD_TO_BORROW
OXLCI,False,0,25.5699,0.0,,,HARD_TO_BORROW
PACK,False,0,4.255,0.0,,,HARD_TO_BORROW
PANL,False,0,7.795,0.0,,,HARD_TO_BORROW
PBFS,False,0,14.29,0.0,,,HARD_TO_BORROW
PBYI,False,0,7.475,0.0,,,HARD_TO_BORROW
PCB,False,0,24.275,0.0,,,HARD_TO_BORROW
PDLB,False,0,17.715,0.0,,,HARD_TO_BORROW
PFIS,False,0,58.325,0.0,,,HARD_TO_BORROW
PGC,False,0,39.715,0.0,,,HARD_TO_BORROW
PKBK,False,0,30.21,0.0,,,HARD_TO_BORROW
PKOH,False,0,26.84,0.0,,,HARD_TO_BORROW
PLBC,False,0,52.475,0.0,,,HARD_TO_BORROW
PLSE,False,0,23.435,0.0,,,HARD_TO_BORROW
PNNT,False,0,4.7,0.0,,,HARD_TO_BORROW
PPHC,False,0,13.762,0.0,,,HARD_TO_BORROW
PRAA,False,0,21.2483,0.0,,,HARD_TO_BORROW
PRH,False,0,24.0787,0.0,,,HARD_TO_BORROW
PROK,False,0,2.135,0.0,,,HARD_TO_BORROW
PRS,False,0,23.32,0.0,,,HARD_TO_BORROW
PRTC,False,0,18.38,0.0,,,HARD_TO_BORROW
PRTH,False,0,5.2865,0.0,,,HARD_TO_BORROW
PSBD,False,0,11.065,0.0,,,HARD_TO_BORROW
PTN,False,0,22.39,0.0,,,HARD_TO_BORROW
PUBM,False,0,9.789,0.0,,,HARD_TO_BORROW
QUAD,False,0,7.58,0.0,,,HARD_TO_BORROW
RBB,False,0,22.9,0.0,,,HARD_TO_BORROW
RBBN,False,0,2.83,0.0,,,HARD_TO_BORROW
RBCAA,False,0,75.33,0.0,,,HARD_TO_BORROW
RCKY,False,0,43.74,0.0,,,HARD_TO_BORROW
RDVT,False,0,41.44,0.0,,,HARD_TO_BORROW
RGNX,False,0,9.48,0.0,,,HARD_TO_BORROW
RJET,False,0,21.69,0.0,,,HARD_TO_BORROW
RLGT,False,0,8.36,0.0,,,HARD_TO_BORROW
RM,False,0,39.65,0.0,,,HARD_TO_BORROW
RMNI,False,0,3.74,0.0,,,HARD_TO_BORROW
RMR,False,0,17.1709,0.0,,,HARD_TO_BORROW
RNGR,False,0,17.22,0.0,,,HARD_TO_BORROW
RPAY,False,0,3.9543,0.0,,,HARD_TO_BORROW
RSVR,False,0,10.075,0.0,,,HARD_TO_BORROW
RXST,False,0,7.453,0.0,,,HARD_TO_BORROW
RZB,False,0,25.138,0.0,,,HARD_TO_BORROW
RZC,False,0,25.34,0.0,,,HARD_TO_BORROW
SAJ,False,0,25.47,0.0,,,HARD_TO_BORROW
SAR,False,0,23.17,0.0,,,HARD_TO_BORROW
SAT,False,0,24.94,0.0,,,HARD_TO_BORROW
SAY,False,0,25.4299,0.0,,,HARD_TO_BORROW
SAZ,False,0,25.5,0.0,,,HARD_TO_BORROW
SBC,False,0,3.53,0.0,,,HARD_TO_BORROW
SBGI,False,0,16.9545,0.0,,,HARD_TO_BORROW
SBSI,False,0,33.245,0.0,,,HARD_TO_BORROW
SDHI,False,0,10.33,0.0,,,HARD_TO_BORROW
SEPN,False,0,26.44,0.0,,,HARD_TO_BORROW
SES,False,0,1.18,0.0,,,HARD_TO_BORROW
SFB,False,0,19.875,0.0,,,HARD_TO_BORROW
SFST,False,0,56.47,0.0,,,HARD_TO_BORROW
SGP,False,0,24.655,0.0,,,HARD_TO_BORROW
SGU,False,0,12.55,0.0,,,HARD_TO_BORROW
SHBI,False,0,19.7328,0.0,,,HARD_TO_BORROW
SHEN,False,0,16.765,0.0,,,HARD_TO_BORROW
SIGA,False,0,4.6005,0.0,,,HARD_TO_BORROW
SKYH,False,0,10.975,0.0,,,HARD_TO_BORROW
SLRC,False,0,16.13,0.0,,,HARD_TO_BORROW
SMBC,False,0,67.16,0.0,,,HARD_TO_BORROW
SMBK,False,0,43.12,0.0,,,HARD_TO_BORROW
SMC,False,0,29.28,0.0,,,HARD_TO_BORROW
SMP,False,0,37.785,0.0,,,HARD_TO_BORROW
SOJC,False,0,21.645,0.0,,,HARD_TO_BORROW
SOJD,False,0,20.38,0.0,,,HARD_TO_BORROW
SOJE,False,0,17.4193,0.0,,,HARD_TO_BORROW
SOR,False,0,45.7601,0.0,,,HARD_TO_BORROW
SPFI,False,0,44.25,0.0,,,HARD_TO_BORROW
SPH,False,0,18.885,0.0,,,HARD_TO_BORROW
SREA,False,0,21.925,0.0,,,HARD_TO_BORROW
SRTA,False,0,4.51,0.0,,,HARD_TO_BORROW
SSII,False,0,4.9,0.0,,,HARD_TO_BORROW
SSP,False,0,5.24,0.0,,,HARD_TO_BORROW
SSSS,False,0,13.2216,0.0,,,HARD_TO_BORROW
SSTK,False,0,17.615,0.0,,,HARD_TO_BORROW
SSYS,False,0,8.825,0.0,,,HARD_TO_BORROW
STRT,False,0,80.8,0.0,,,HARD_TO_BORROW
STTK,False,0,8.2,0.0,,,HARD_TO_BORROW
SWIM,False,0,6.1348,0.0,,,HARD_TO_BORROW
TASK,False,0,7.185,0.0,,,HARD_TO_BORROW
TBB,False,0,21.6,0.0,,,HARD_TO_BORROW
TBLA,False,0,3.7649,0.0,,,HARD_TO_BORROW
TBRG,False,0,22.69,0.0,,,HARD_TO_BORROW
TCBX,False,0,41.865,0.0,,,HARD_TO_BORROW
TCI,False,0,36.275,0.0,,,HARD_TO_BORROW
TCPC,False,0,4.305,0.0,,,HARD_TO_BORROW
TECX,False,0,28.905,0.0,,,HARD_TO_BORROW
TG,False,0,9.16,0.0,,,HARD_TO_BORROW
THFF,False,0,67.41,0.0,,,HARD_TO_BORROW
THRM,False,0,29.64,0.0,,,HARD_TO_BORROW
TIPT,False,0,17.44,0.0,,,HARD_TO_BORROW
TITN,False,0,20.65,0.0,,,HARD_TO_BORROW
TLS,False,0,4.385,0.0,,,HARD_TO_BORROW
TMP,False,0,85.52,0.0,,,HARD_TO_BORROW
TR,False,0,42.26,0.0,,,HARD_TO_BORROW
TRC,False,0,19.56,0.0,,,HARD_TO_BORROW
TRDA,False,0,13.72,0.0,,,HARD_TO_BORROW
TRINI,False,0,25.24,0.0,,,HARD_TO_BORROW
TRINZ,False,0,25.26,0.0,,,HARD_TO_BORROW
TRST,False,0,46.63,0.0,,,HARD_TO_BORROW
TSBK,False,0,41.38,0.0,,,HARD_TO_BORROW
TTGT,False,0,4.8855,0.0,,,HARD_TO_BORROW
TXO,False,0,11.6,0.0,,,HARD_TO_BORROW
TY,False,0,34.09,0.0,,,HARD_TO_BORROW
TYG,False,0,48.0399,0.0,,,HARD_TO_BORROW
TYGO,False,0,4.23,0.0,,,HARD_TO_BORROW
UDMY,False,0,5.19,0.0,,,HARD_TO_BORROW
UFCS,False,0,39.86,0.0,,,HARD_TO_BORROW
ULH,False,0,24.21,0.0,,,HARD_TO_BORROW
UNMA,False,0,23.67,0.0,,,HARD_TO_BORROW
UNTY,False,0,54.985,0.0,,,HARD_TO_BORROW
USAC,False,0,26.31,0.0,,,HARD_TO_BORROW
USCB,False,0,19.904,0.0,,,HARD_TO_BORROW
USNA,False,0,20.73,0.0,,,HARD_TO_BORROW
UVE,False,0,35.665,0.0,,,HARD_TO_BORROW
UZD,False,0,20.24,0.0,,,HARD_TO_BORROW
UZE,False,0,18.03,0.0,,,HARD_TO_BORROW
UZF,False,0,18.23,0.0,,,HARD_TO_BORROW
VACHU,False,0,12.65,0.0,,,HARD_TO_BORROW
VALU,False,0,35.59,0.0,,,HARD_TO_BORROW
VEL,False,0,19.885,0.0,,,HARD_TO_BORROW
VGZ,False,0,2.185,0.0,,,HARD_TO_BORROW
VHI,False,0,14.305,0.0,,,HARD_TO_BORROW
VLGEA,False,0,42.715,0.0,,,HARD_TO_BORROW
VMD,False,0,9.74,0.0,,,HARD_TO_BORROW
VREX,False,0,12.02,0.0,,,HARD_TO_BORROW
WBTN,False,0,12.24,0.0,,,HARD_TO_BORROW
WEST,False,0,5.81,0.0,,,HARD_TO_BORROW
WEYS,False,0,35.11,0.0,,,HARD_TO_BORROW
WLKP,False,0,22.47,0.0,,,HARD_TO_BORROW
WLYB,False,0,42.3125,0.0,,,HARD_TO_BORROW
WNC,True,1401830,9.7,13597751.0,,,AVAILABLE
WSBF,False,0,18.518,0.0,,,HARD_TO_BORROW
WTBA,False,0,24.425,0.0,,,HARD_TO_BORROW
XOMA,False,0,39.92,0.0,,,HARD_TO_BORROW
XOMAP,False,0,25.92,0.0,,,HARD_TO_BORROW
XPER,False,0,6.71,0.0,,,HARD_TO_BORROW
YORW,False,0,30.47,0.0,,,HARD_TO_BORROW
ZUMZ,False,0,25.13,0.0,,,HARD_TO_BORROW
ZURA,False,0,5.3788,0.0,,,HARD_TO_BORROW
