Strategy,Sharpe,Fitness,TO,DD
"CorrSelect(mw=0.05,mc=0.3,n=5)",6.488,17.017,0.266,-0.032
"CorrSelect(mw=0.05,mc=0.3,n=5)",6.488,17.017,0.266,-0.032
"CorrSelect(mw=0.05,mc=0.3,n=5)",6.488,17.017,0.266,-0.032
"CorrSelect(mw=0.05,mc=0.3,n=5)",6.488,17.017,0.266,-0.032
"CorrSelect(mw=0.05,mc=0.3,n=5)",6.488,17.017,0.266,-0.032
"CorrSelect(mw=0.05,mc=0.3,n=5)",6.488,17.017,0.266,-0.032
"CorrSelect(mw=0.08,mc=0.3,n=5)",6.425,16.886,0.267,-0.034
"CorrSelect(mw=0.08,mc=0.3,n=5)",6.425,16.886,0.267,-0.034
"CorrSelect(mw=0.08,mc=0.3,n=5)",6.425,16.886,0.267,-0.034
"CorrSelect(mw=0.08,mc=0.3,n=5)",6.425,16.886,0.267,-0.034
"CorrSelect(mw=0.08,mc=0.3,n=5)",6.425,16.886,0.267,-0.034
"CorrSelect(mw=0.08,mc=0.3,n=5)",6.425,16.886,0.267,-0.034
"CorrSelect(mw=0.05,mc=0.4,n=7)",6.233,17.439,0.241,-0.043
"CorrSelect(mw=0.05,mc=0.4,n=7)",6.233,17.439,0.241,-0.043
"CorrSelect(mw=0.05,mc=0.4,n=7)",6.233,17.439,0.241,-0.043
"CorrSelect(mw=0.05,mc=0.4,n=7)",6.233,17.439,0.241,-0.043
"CorrSelect(mw=0.05,mc=0.4,n=7)",6.233,17.439,0.241,-0.043
"CorrSelect(mw=0.05,mc=0.4,n=7)",6.233,17.439,0.241,-0.043
"CorrSelect(mw=0.03,mc=0.3,n=4)",6.208,14.858,0.284,-0.031
"CorrSelect(mw=0.03,mc=0.3,n=4)",6.208,14.858,0.284,-0.031
"CorrSelect(mw=0.03,mc=0.3,n=4)",6.208,14.858,0.284,-0.031
"CorrSelect(mw=0.03,mc=0.3,n=4)",6.208,14.858,0.284,-0.031
"CorrSelect(mw=0.03,mc=0.3,n=4)",6.208,14.858,0.284,-0.031
"CorrSelect(mw=0.03,mc=0.3,n=4)",6.208,14.858,0.284,-0.031
"CorrSelect(mw=0.08,mc=0.4,n=7)",6.152,17.438,0.242,-0.042
"CorrSelect(mw=0.08,mc=0.4,n=7)",6.152,17.438,0.242,-0.042
"CorrSelect(mw=0.08,mc=0.4,n=7)",6.152,17.438,0.242,-0.042
"CorrSelect(mw=0.08,mc=0.4,n=7)",6.152,17.438,0.242,-0.042
"CorrSelect(mw=0.08,mc=0.4,n=7)",6.152,17.438,0.242,-0.042
"CorrSelect(mw=0.08,mc=0.4,n=7)",6.152,17.438,0.242,-0.042
"CorrSelect(mw=0.03,mc=0.4,n=7)",6.142,17.011,0.220,-0.035
"CorrSelect(mw=0.03,mc=0.4,n=7)",6.142,17.011,0.220,-0.035
"CorrSelect(mw=0.03,mc=0.4,n=7)",6.142,17.011,0.220,-0.035
"CorrSelect(mw=0.03,mc=0.4,n=7)",6.142,17.011,0.220,-0.035
"CorrSelect(mw=0.03,mc=0.4,n=7)",6.142,17.011,0.220,-0.035
"CorrSelect(mw=0.03,mc=0.4,n=7)",6.142,17.011,0.220,-0.035
"CorrSelAdaptive(mw=0.05,mc=0.3,lb=180,n=5)",5.668,14.975,0.235,-0.045
"CorrSelAdaptive(mw=0.05,mc=0.3,lb=180,n=5)",5.668,14.975,0.235,-0.045
"CorrSelAdaptive(mw=0.05,mc=0.3,lb=180,n=5)",5.668,14.975,0.235,-0.045
"CorrSelAdaptive(mw=0.05,mc=0.3,lb=180,n=5)",5.668,14.975,0.235,-0.045
"CorrSelAdaptive(mw=0.05,mc=0.3,lb=180,n=5)",5.668,14.975,0.235,-0.045
"CorrSelAdaptive(mw=0.05,mc=0.4,lb=180,n=7)",5.598,15.894,0.213,-0.056
"CorrSelAdaptive(mw=0.05,mc=0.4,lb=180,n=7)",5.598,15.894,0.213,-0.056
"CorrSelAdaptive(mw=0.05,mc=0.4,lb=180,n=7)",5.598,15.894,0.213,-0.056
"CorrSelAdaptive(mw=0.05,mc=0.4,lb=180,n=7)",5.598,15.894,0.213,-0.056
"CorrSelAdaptive(mw=0.05,mc=0.4,lb=180,n=7)",5.598,15.894,0.213,-0.056
"CorrSelAdaptive(mw=0.05,mc=0.3,lb=280,n=5)",5.571,14.441,0.237,-0.045
"CorrSelAdaptive(mw=0.05,mc=0.3,lb=280,n=5)",5.571,14.441,0.237,-0.045
"CorrSelAdaptive(mw=0.05,mc=0.3,lb=280,n=5)",5.571,14.441,0.237,-0.045
"CorrSelAdaptive(mw=0.05,mc=0.3,lb=280,n=5)",5.571,14.441,0.237,-0.045
"CorrSelAdaptive(mw=0.05,mc=0.3,lb=280,n=5)",5.571,14.441,0.237,-0.045
"CorrSelAdaptive(mw=0.05,mc=0.3,lb=240,n=5)",5.550,14.460,0.236,-0.045
"CorrSelAdaptive(mw=0.05,mc=0.3,lb=240,n=5)",5.550,14.460,0.236,-0.045
"CorrSelAdaptive(mw=0.05,mc=0.3,lb=240,n=5)",5.550,14.460,0.236,-0.045
"CorrSelAdaptive(mw=0.05,mc=0.3,lb=240,n=5)",5.550,14.460,0.236,-0.045
"CorrSelAdaptive(mw=0.05,mc=0.3,lb=240,n=5)",5.550,14.460,0.236,-0.045
"CorrSelAdaptive(mw=0.08,mc=0.4,lb=180,n=7)",5.509,15.781,0.216,-0.055
"CorrSelAdaptive(mw=0.08,mc=0.4,lb=180,n=7)",5.509,15.781,0.216,-0.055
"CorrSelAdaptive(mw=0.08,mc=0.4,lb=180,n=7)",5.509,15.781,0.216,-0.055
"CorrSelAdaptive(mw=0.08,mc=0.4,lb=180,n=7)",5.509,15.781,0.216,-0.055
"CorrSelAdaptive(mw=0.08,mc=0.4,lb=180,n=7)",5.509,15.781,0.216,-0.055
"CorrSelAdaptive(mw=0.08,mc=0.3,lb=180,n=5)",5.506,14.423,0.239,-0.044
"CorrSelAdaptive(mw=0.08,mc=0.3,lb=180,n=5)",5.506,14.423,0.239,-0.044
"CorrSelAdaptive(mw=0.08,mc=0.3,lb=180,n=5)",5.506,14.423,0.239,-0.044
"CorrSelAdaptive(mw=0.08,mc=0.3,lb=180,n=5)",5.506,14.423,0.239,-0.044
"CorrSelAdaptive(mw=0.08,mc=0.3,lb=180,n=5)",5.506,14.423,0.239,-0.044
"CorrSelAdaptive(mw=0.05,mc=0.4,lb=240,n=7)",5.458,15.139,0.213,-0.056
"CorrSelAdaptive(mw=0.05,mc=0.4,lb=240,n=7)",5.458,15.139,0.213,-0.056
"CorrSelAdaptive(mw=0.05,mc=0.4,lb=240,n=7)",5.458,15.139,0.213,-0.056
"CorrSelAdaptive(mw=0.05,mc=0.4,lb=240,n=7)",5.458,15.139,0.213,-0.056
"CorrSelAdaptive(mw=0.05,mc=0.4,lb=240,n=7)",5.458,15.139,0.213,-0.056
"CorrSelAdaptive(mw=0.08,mc=0.3,lb=280,n=5)",5.449,14.008,0.240,-0.045
"CorrSelAdaptive(mw=0.08,mc=0.3,lb=280,n=5)",5.449,14.008,0.240,-0.045
"CorrSelAdaptive(mw=0.08,mc=0.3,lb=280,n=5)",5.449,14.008,0.240,-0.045
"CorrSelAdaptive(mw=0.08,mc=0.3,lb=280,n=5)",5.449,14.008,0.240,-0.045
"CorrSelAdaptive(mw=0.08,mc=0.3,lb=280,n=5)",5.449,14.008,0.240,-0.045
"CorrSelAdaptive(mw=0.08,mc=0.3,lb=240,n=5)",5.425,14.015,0.240,-0.045
"CorrSelAdaptive(mw=0.08,mc=0.3,lb=240,n=5)",5.425,14.015,0.240,-0.045
"CorrSelAdaptive(mw=0.08,mc=0.3,lb=240,n=5)",5.425,14.015,0.240,-0.045
"CorrSelAdaptive(mw=0.08,mc=0.3,lb=240,n=5)",5.425,14.015,0.240,-0.045
"CorrSelAdaptive(mw=0.08,mc=0.3,lb=240,n=5)",5.425,14.015,0.240,-0.045
"CorrSelAdaptive(mw=0.05,mc=0.4,lb=280,n=7)",5.405,14.877,0.214,-0.056
"CorrSelAdaptive(mw=0.05,mc=0.4,lb=280,n=7)",5.405,14.877,0.214,-0.056
"CorrSelAdaptive(mw=0.05,mc=0.4,lb=280,n=7)",5.405,14.877,0.214,-0.056
"CorrSelAdaptive(mw=0.05,mc=0.4,lb=280,n=7)",5.405,14.877,0.214,-0.056
"CorrSelAdaptive(mw=0.05,mc=0.4,lb=280,n=7)",5.405,14.877,0.214,-0.056
"CorrSelAdaptive(mw=0.05,mc=0.5,lb=180,n=9)",5.391,14.607,0.228,-0.064
"CorrSelAdaptive(mw=0.05,mc=0.5,lb=180,n=9)",5.391,14.607,0.228,-0.064
"CorrSelAdaptive(mw=0.05,mc=0.5,lb=180,n=9)",5.391,14.607,0.228,-0.064
"CorrSelAdaptive(mw=0.05,mc=0.5,lb=180,n=9)",5.391,14.607,0.228,-0.064
"CorrSelAdaptive(mw=0.05,mc=0.5,lb=180,n=9)",5.391,14.607,0.228,-0.064
"CorrSelAdaptive(mw=0.08,mc=0.4,lb=240,n=7)",5.366,15.067,0.215,-0.055
"CorrSelAdaptive(mw=0.08,mc=0.4,lb=240,n=7)",5.366,15.067,0.215,-0.055
"CorrSelAdaptive(mw=0.08,mc=0.4,lb=240,n=7)",5.366,15.067,0.215,-0.055
"CorrSelAdaptive(mw=0.08,mc=0.4,lb=240,n=7)",5.366,15.067,0.215,-0.055
"CorrSelAdaptive(mw=0.08,mc=0.4,lb=240,n=7)",5.366,15.067,0.215,-0.055
"CorrSelect(mw=0.08,mc=0.5,n=9)",5.362,13.648,0.270,-0.054
"CorrSelect(mw=0.08,mc=0.5,n=9)",5.362,13.648,0.270,-0.054
"CorrSelect(mw=0.08,mc=0.5,n=9)",5.362,13.648,0.270,-0.054
"CorrSelect(mw=0.08,mc=0.5,n=9)",5.362,13.648,0.270,-0.054
"CorrSelect(mw=0.08,mc=0.5,n=9)",5.362,13.648,0.270,-0.054
"CorrSelect(mw=0.08,mc=0.5,n=9)",5.362,13.648,0.270,-0.054
"CorrSelect(mw=0.08,mc=0.6,n=13)",5.357,13.745,0.267,-0.046
"CorrSelect(mw=0.08,mc=0.6,n=13)",5.357,13.745,0.267,-0.046
"CorrSelect(mw=0.08,mc=0.6,n=13)",5.357,13.745,0.267,-0.046
"CorrSelect(mw=0.08,mc=0.6,n=13)",5.357,13.745,0.267,-0.046
"CorrSelect(mw=0.08,mc=0.6,n=13)",5.357,13.745,0.267,-0.046
"CorrSelect(mw=0.08,mc=0.6,n=13)",5.357,13.745,0.267,-0.046
"CorrSelAdaptive(mw=0.03,mc=0.4,lb=180,n=7)",5.353,14.690,0.197,-0.047
"CorrSelAdaptive(mw=0.03,mc=0.4,lb=180,n=7)",5.353,14.690,0.197,-0.047
"CorrSelAdaptive(mw=0.03,mc=0.4,lb=180,n=7)",5.353,14.690,0.197,-0.047
"CorrSelAdaptive(mw=0.03,mc=0.4,lb=180,n=7)",5.353,14.690,0.197,-0.047
"CorrSelAdaptive(mw=0.03,mc=0.4,lb=180,n=7)",5.353,14.690,0.197,-0.047
"CorrSelAdaptive(mw=0.08,mc=0.4,lb=280,n=7)",5.305,14.814,0.215,-0.055
"CorrSelAdaptive(mw=0.08,mc=0.4,lb=280,n=7)",5.305,14.814,0.215,-0.055
"CorrSelAdaptive(mw=0.08,mc=0.4,lb=280,n=7)",5.305,14.814,0.215,-0.055
"CorrSelAdaptive(mw=0.08,mc=0.4,lb=280,n=7)",5.305,14.814,0.215,-0.055
"CorrSelAdaptive(mw=0.08,mc=0.4,lb=280,n=7)",5.305,14.814,0.215,-0.055
"CorrSelect(mw=0.02,mc=0.5,n=7)",5.292,12.847,0.221,-0.050
"CorrSelect(mw=0.02,mc=0.5,n=7)",5.292,12.847,0.221,-0.050
"CorrSelect(mw=0.02,mc=0.5,n=7)",5.292,12.847,0.221,-0.050
"CorrSelect(mw=0.02,mc=0.5,n=7)",5.292,12.847,0.221,-0.050
"CorrSelect(mw=0.02,mc=0.5,n=7)",5.292,12.847,0.221,-0.050
"CorrSelect(mw=0.02,mc=0.5,n=7)",5.292,12.847,0.221,-0.050
"CorrSelAdaptive(mw=0.05,mc=0.6,lb=180,n=13)",5.289,14.482,0.223,-0.063
"CorrSelAdaptive(mw=0.05,mc=0.6,lb=180,n=13)",5.289,14.482,0.223,-0.063
"CorrSelAdaptive(mw=0.05,mc=0.6,lb=180,n=13)",5.289,14.482,0.223,-0.063
"CorrSelAdaptive(mw=0.05,mc=0.6,lb=180,n=13)",5.289,14.482,0.223,-0.063
"CorrSelAdaptive(mw=0.05,mc=0.6,lb=180,n=13)",5.289,14.482,0.223,-0.063
"CorrSelect(mw=0.05,mc=0.5,n=9)",5.285,13.139,0.269,-0.053
"CorrSelect(mw=0.05,mc=0.5,n=9)",5.285,13.139,0.269,-0.053
"CorrSelect(mw=0.05,mc=0.5,n=9)",5.285,13.139,0.269,-0.053
"CorrSelect(mw=0.05,mc=0.5,n=9)",5.285,13.139,0.269,-0.053
"CorrSelect(mw=0.05,mc=0.5,n=9)",5.285,13.139,0.269,-0.053
"CorrSelect(mw=0.05,mc=0.5,n=9)",5.285,13.139,0.269,-0.053
"CorrSelAdaptive(mw=0.05,mc=0.5,lb=280,n=9)",5.279,14.154,0.228,-0.062
"CorrSelAdaptive(mw=0.05,mc=0.5,lb=280,n=9)",5.279,14.154,0.228,-0.062
"CorrSelAdaptive(mw=0.05,mc=0.5,lb=280,n=9)",5.279,14.154,0.228,-0.062
"CorrSelAdaptive(mw=0.05,mc=0.5,lb=280,n=9)",5.279,14.154,0.228,-0.062
"CorrSelAdaptive(mw=0.05,mc=0.5,lb=280,n=9)",5.279,14.154,0.228,-0.062
"CorrSelect(mw=0.03,mc=0.5,n=7)",5.278,12.788,0.257,-0.042
"CorrSelect(mw=0.03,mc=0.5,n=7)",5.278,12.788,0.257,-0.042
"CorrSelect(mw=0.03,mc=0.5,n=7)",5.278,12.788,0.257,-0.042
"CorrSelect(mw=0.03,mc=0.5,n=7)",5.278,12.788,0.257,-0.042
"CorrSelect(mw=0.03,mc=0.5,n=7)",5.278,12.788,0.257,-0.042
"CorrSelect(mw=0.03,mc=0.5,n=7)",5.278,12.788,0.257,-0.042
"CorrSelAdaptive(mw=0.05,mc=0.5,lb=240,n=9)",5.274,14.129,0.228,-0.063
"CorrSelAdaptive(mw=0.05,mc=0.5,lb=240,n=9)",5.274,14.129,0.228,-0.063
"CorrSelAdaptive(mw=0.05,mc=0.5,lb=240,n=9)",5.274,14.129,0.228,-0.063
"CorrSelAdaptive(mw=0.05,mc=0.5,lb=240,n=9)",5.274,14.129,0.228,-0.063
"CorrSelAdaptive(mw=0.05,mc=0.5,lb=240,n=9)",5.274,14.129,0.228,-0.063
"CorrSelAdaptive(mw=0.03,mc=0.4,lb=240,n=7)",5.239,14.123,0.197,-0.046
"CorrSelAdaptive(mw=0.03,mc=0.4,lb=240,n=7)",5.239,14.123,0.197,-0.046
"CorrSelAdaptive(mw=0.03,mc=0.4,lb=240,n=7)",5.239,14.123,0.197,-0.046
"CorrSelAdaptive(mw=0.03,mc=0.4,lb=240,n=7)",5.239,14.123,0.197,-0.046
"CorrSelAdaptive(mw=0.03,mc=0.4,lb=240,n=7)",5.239,14.123,0.197,-0.046
"CorrSelAdaptive(mw=0.03,mc=0.4,lb=280,n=7)",5.222,13.960,0.198,-0.045
"CorrSelAdaptive(mw=0.03,mc=0.4,lb=280,n=7)",5.222,13.960,0.198,-0.045
"CorrSelAdaptive(mw=0.03,mc=0.4,lb=280,n=7)",5.222,13.960,0.198,-0.045
"CorrSelAdaptive(mw=0.03,mc=0.4,lb=280,n=7)",5.222,13.960,0.198,-0.045
"CorrSelAdaptive(mw=0.03,mc=0.4,lb=280,n=7)",5.222,13.960,0.198,-0.045
"CorrSelect(mw=0.05,mc=0.6,n=13)",5.204,12.961,0.266,-0.047
"CorrSelect(mw=0.05,mc=0.6,n=13)",5.204,12.961,0.266,-0.047
"CorrSelect(mw=0.05,mc=0.6,n=13)",5.204,12.961,0.266,-0.047
"CorrSelect(mw=0.05,mc=0.6,n=13)",5.204,12.961,0.266,-0.047
"CorrSelect(mw=0.05,mc=0.6,n=13)",5.204,12.961,0.266,-0.047
"CorrSelect(mw=0.05,mc=0.6,n=13)",5.204,12.961,0.266,-0.047
"CorrSelAdaptive(mw=0.08,mc=0.5,lb=180,n=9)",5.204,14.172,0.230,-0.063
"CorrSelAdaptive(mw=0.08,mc=0.5,lb=180,n=9)",5.204,14.172,0.230,-0.063
"CorrSelAdaptive(mw=0.08,mc=0.5,lb=180,n=9)",5.204,14.172,0.230,-0.063
"CorrSelAdaptive(mw=0.08,mc=0.5,lb=180,n=9)",5.204,14.172,0.230,-0.063
"CorrSelAdaptive(mw=0.08,mc=0.5,lb=180,n=9)",5.204,14.172,0.230,-0.063
"CorrSelAdaptive(mw=0.08,mc=0.5,lb=280,n=9)",5.183,14.112,0.229,-0.062
"CorrSelAdaptive(mw=0.08,mc=0.5,lb=280,n=9)",5.183,14.112,0.229,-0.062
"CorrSelAdaptive(mw=0.08,mc=0.5,lb=280,n=9)",5.183,14.112,0.229,-0.062
"CorrSelAdaptive(mw=0.08,mc=0.5,lb=280,n=9)",5.183,14.112,0.229,-0.062
"CorrSelAdaptive(mw=0.08,mc=0.5,lb=280,n=9)",5.183,14.112,0.229,-0.062
"CorrSelAdaptive(mw=0.05,mc=0.6,lb=240,n=13)",5.171,14.060,0.223,-0.062
"CorrSelAdaptive(mw=0.05,mc=0.6,lb=240,n=13)",5.171,14.060,0.223,-0.062
"CorrSelAdaptive(mw=0.05,mc=0.6,lb=240,n=13)",5.171,14.060,0.223,-0.062
"CorrSelAdaptive(mw=0.05,mc=0.6,lb=240,n=13)",5.171,14.060,0.223,-0.062
"CorrSelAdaptive(mw=0.05,mc=0.6,lb=240,n=13)",5.171,14.060,0.223,-0.062
"CorrSelAdaptive(mw=0.08,mc=0.5,lb=240,n=9)",5.158,13.993,0.229,-0.063
"CorrSelAdaptive(mw=0.08,mc=0.5,lb=240,n=9)",5.158,13.993,0.229,-0.063
"CorrSelAdaptive(mw=0.08,mc=0.5,lb=240,n=9)",5.158,13.993,0.229,-0.063
"CorrSelAdaptive(mw=0.08,mc=0.5,lb=240,n=9)",5.158,13.993,0.229,-0.063
"CorrSelAdaptive(mw=0.08,mc=0.5,lb=240,n=9)",5.158,13.993,0.229,-0.063
"CorrSelAdaptive(mw=0.05,mc=0.6,lb=280,n=13)",5.157,14.007,0.223,-0.061
"CorrSelAdaptive(mw=0.05,mc=0.6,lb=280,n=13)",5.157,14.007,0.223,-0.061
"CorrSelAdaptive(mw=0.05,mc=0.6,lb=280,n=13)",5.157,14.007,0.223,-0.061
"CorrSelAdaptive(mw=0.05,mc=0.6,lb=280,n=13)",5.157,14.007,0.223,-0.061
"CorrSelAdaptive(mw=0.05,mc=0.6,lb=280,n=13)",5.157,14.007,0.223,-0.061
"CorrSelAdaptive(mw=0.08,mc=0.6,lb=280,n=13)",5.143,14.273,0.225,-0.061
"CorrSelAdaptive(mw=0.08,mc=0.6,lb=280,n=13)",5.143,14.273,0.225,-0.061
"CorrSelAdaptive(mw=0.08,mc=0.6,lb=280,n=13)",5.143,14.273,0.225,-0.061
"CorrSelAdaptive(mw=0.08,mc=0.6,lb=280,n=13)",5.143,14.273,0.225,-0.061
"CorrSelAdaptive(mw=0.08,mc=0.6,lb=280,n=13)",5.143,14.273,0.225,-0.061
"CorrSelAdaptive(mw=0.08,mc=0.6,lb=180,n=13)",5.138,14.180,0.224,-0.062
"CorrSelAdaptive(mw=0.08,mc=0.6,lb=180,n=13)",5.138,14.180,0.224,-0.062
"CorrSelAdaptive(mw=0.08,mc=0.6,lb=180,n=13)",5.138,14.180,0.224,-0.062
"CorrSelAdaptive(mw=0.08,mc=0.6,lb=180,n=13)",5.138,14.180,0.224,-0.062
"CorrSelAdaptive(mw=0.08,mc=0.6,lb=180,n=13)",5.138,14.180,0.224,-0.062
"CorrSelAdaptive(mw=0.08,mc=0.6,lb=240,n=13)",5.127,14.184,0.224,-0.061
"CorrSelAdaptive(mw=0.08,mc=0.6,lb=240,n=13)",5.127,14.184,0.224,-0.061
"CorrSelAdaptive(mw=0.08,mc=0.6,lb=240,n=13)",5.127,14.184,0.224,-0.061
"CorrSelAdaptive(mw=0.08,mc=0.6,lb=240,n=13)",5.127,14.184,0.224,-0.061
"CorrSelAdaptive(mw=0.08,mc=0.6,lb=240,n=13)",5.127,14.184,0.224,-0.061
"CorrSelect(mw=0.03,mc=0.6,n=12)",5.116,12.924,0.237,-0.049
"CorrSelect(mw=0.03,mc=0.6,n=12)",5.116,12.924,0.237,-0.049
"CorrSelect(mw=0.03,mc=0.6,n=12)",5.116,12.924,0.237,-0.049
"CorrSelect(mw=0.03,mc=0.6,n=12)",5.116,12.924,0.237,-0.049
"CorrSelect(mw=0.03,mc=0.6,n=12)",5.116,12.924,0.237,-0.049
"CorrSelect(mw=0.03,mc=0.6,n=12)",5.116,12.924,0.237,-0.049
ProperEqual(mw=0.08),5.116,13.404,0.244,-0.053
"CorrSelAdaptive(mw=0.03,mc=0.3,lb=280,n=4)",5.099,11.978,0.243,-0.044
"CorrSelAdaptive(mw=0.03,mc=0.3,lb=280,n=4)",5.099,11.978,0.243,-0.044
"CorrSelAdaptive(mw=0.03,mc=0.3,lb=280,n=4)",5.099,11.978,0.243,-0.044
"CorrSelAdaptive(mw=0.03,mc=0.3,lb=280,n=4)",5.099,11.978,0.243,-0.044
"CorrSelAdaptive(mw=0.03,mc=0.3,lb=280,n=4)",5.099,11.978,0.243,-0.044
"ProperAdaptive(mw=0.05,lb=180)",5.095,14.216,0.205,-0.067
"CorrSelAdaptive(mw=0.03,mc=0.3,lb=180,n=4)",5.084,11.997,0.241,-0.044
"CorrSelAdaptive(mw=0.03,mc=0.3,lb=180,n=4)",5.084,11.997,0.241,-0.044
"CorrSelAdaptive(mw=0.03,mc=0.3,lb=180,n=4)",5.084,11.997,0.241,-0.044
"CorrSelAdaptive(mw=0.03,mc=0.3,lb=180,n=4)",5.084,11.997,0.241,-0.044
"CorrSelAdaptive(mw=0.03,mc=0.3,lb=180,n=4)",5.084,11.997,0.241,-0.044
"ProperAdaptive(mw=0.05,lb=180)",5.082,14.084,0.207,-0.067
ProperEqual(mw=0.05),5.079,13.042,0.243,-0.053
"QPOptimal(mw=0.05,lb=300,rb=60)",5.051,12.603,0.252,-0.054
"SelectSharpe(n=16,d=1)",5.046,12.545,0.199,-0.036
"SelectSharpe(n=16,d=1)",5.046,12.545,0.199,-0.036
"CorrSelAdaptive(mw=0.03,mc=0.3,lb=240,n=4)",5.027,11.819,0.242,-0.044
"CorrSelAdaptive(mw=0.03,mc=0.3,lb=240,n=4)",5.027,11.819,0.242,-0.044
"CorrSelAdaptive(mw=0.03,mc=0.3,lb=240,n=4)",5.027,11.819,0.242,-0.044
"CorrSelAdaptive(mw=0.03,mc=0.3,lb=240,n=4)",5.027,11.819,0.242,-0.044
"CorrSelAdaptive(mw=0.03,mc=0.3,lb=240,n=4)",5.027,11.819,0.242,-0.044
"CorrSelect(mw=0.08,mc=0.7,n=17)",5.022,13.044,0.243,-0.047
"CorrSelect(mw=0.08,mc=0.7,n=17)",5.022,13.044,0.243,-0.047
"CorrSelect(mw=0.08,mc=0.7,n=17)",5.022,13.044,0.243,-0.047
"CorrSelect(mw=0.08,mc=0.7,n=17)",5.022,13.044,0.243,-0.047
"CorrSelect(mw=0.08,mc=0.7,n=17)",5.022,13.044,0.243,-0.047
"CorrSelect(mw=0.08,mc=0.7,n=17)",5.022,13.044,0.243,-0.047
"CorrSelect(mw=0.02,mc=0.6,n=9)",4.990,12.585,0.199,-0.037
"CorrSelect(mw=0.02,mc=0.6,n=9)",4.990,12.585,0.199,-0.037
"CorrSelect(mw=0.02,mc=0.6,n=9)",4.990,12.585,0.199,-0.037
"CorrSelect(mw=0.02,mc=0.6,n=9)",4.990,12.585,0.199,-0.037
"CorrSelect(mw=0.02,mc=0.6,n=9)",4.990,12.585,0.199,-0.037
"CorrSelect(mw=0.02,mc=0.6,n=9)",4.990,12.585,0.199,-0.037
"CorrSelAdaptive(mw=0.03,mc=0.5,lb=180,n=7)",4.963,12.524,0.220,-0.056
"CorrSelAdaptive(mw=0.03,mc=0.5,lb=180,n=7)",4.963,12.524,0.220,-0.056
"CorrSelAdaptive(mw=0.03,mc=0.5,lb=180,n=7)",4.963,12.524,0.220,-0.056
"CorrSelAdaptive(mw=0.03,mc=0.5,lb=180,n=7)",4.963,12.524,0.220,-0.056
"CorrSelAdaptive(mw=0.03,mc=0.5,lb=180,n=7)",4.963,12.524,0.220,-0.056
"ProperAdaptive(mw=0.05,lb=240)",4.955,13.577,0.207,-0.067
"ProperAdaptive(mw=0.05,lb=280)",4.954,13.592,0.207,-0.066
"CorrSelAdaptive(mw=0.03,mc=0.6,lb=180,n=12)",4.948,13.215,0.200,-0.056
"CorrSelAdaptive(mw=0.03,mc=0.6,lb=180,n=12)",4.948,13.215,0.200,-0.056
"CorrSelAdaptive(mw=0.03,mc=0.6,lb=180,n=12)",4.948,13.215,0.200,-0.056
"CorrSelAdaptive(mw=0.03,mc=0.6,lb=180,n=12)",4.948,13.215,0.200,-0.056
"CorrSelAdaptive(mw=0.03,mc=0.6,lb=180,n=12)",4.948,13.215,0.200,-0.056
"CorrSelect(mw=0.05,mc=0.7,n=16)",4.936,12.300,0.253,-0.047
"CorrSelect(mw=0.05,mc=0.7,n=16)",4.936,12.300,0.253,-0.047
"CorrSelect(mw=0.05,mc=0.7,n=16)",4.936,12.300,0.253,-0.047
"CorrSelect(mw=0.05,mc=0.7,n=16)",4.936,12.300,0.253,-0.047
"CorrSelect(mw=0.05,mc=0.7,n=16)",4.936,12.300,0.253,-0.047
"CorrSelect(mw=0.05,mc=0.7,n=16)",4.936,12.300,0.253,-0.047
"ProperAdaptive(mw=0.05,lb=240)",4.931,13.537,0.205,-0.068
"QPOptimal(mw=0.03,lb=300,rb=60)",4.921,11.787,0.238,-0.055
"ProperAdaptive(mw=0.05,lb=280)",4.919,13.486,0.205,-0.068
"CorrSelAdaptive(mw=0.03,mc=0.5,lb=280,n=7)",4.912,12.263,0.221,-0.052
"CorrSelAdaptive(mw=0.03,mc=0.5,lb=280,n=7)",4.912,12.263,0.221,-0.052
"CorrSelAdaptive(mw=0.03,mc=0.5,lb=280,n=7)",4.912,12.263,0.221,-0.052
"CorrSelAdaptive(mw=0.03,mc=0.5,lb=280,n=7)",4.912,12.263,0.221,-0.052
"CorrSelAdaptive(mw=0.03,mc=0.5,lb=280,n=7)",4.912,12.263,0.221,-0.052
"SelectSharpe(n=17,d=1)",4.890,11.749,0.207,-0.035
"QPOptimal(mw=0.05,lb=180,rb=30)",4.879,11.975,0.255,-0.059
"CorrSelAdaptive(mw=0.02,mc=0.5,lb=180,n=7)",4.875,12.264,0.186,-0.045
"CorrSelAdaptive(mw=0.02,mc=0.5,lb=180,n=7)",4.875,12.264,0.186,-0.045
"CorrSelAdaptive(mw=0.02,mc=0.5,lb=180,n=7)",4.875,12.264,0.186,-0.045
"CorrSelAdaptive(mw=0.02,mc=0.5,lb=180,n=7)",4.875,12.264,0.186,-0.045
"CorrSelAdaptive(mw=0.02,mc=0.5,lb=180,n=7)",4.875,12.264,0.186,-0.045
"QPOptimal(mw=0.05,lb=300,rb=15)",4.874,11.988,0.250,-0.055
"CorrSelAdaptive(mw=0.03,mc=0.5,lb=240,n=7)",4.865,12.154,0.221,-0.055
"CorrSelAdaptive(mw=0.03,mc=0.5,lb=240,n=7)",4.865,12.154,0.221,-0.055
"CorrSelAdaptive(mw=0.03,mc=0.5,lb=240,n=7)",4.865,12.154,0.221,-0.055
"CorrSelAdaptive(mw=0.03,mc=0.5,lb=240,n=7)",4.865,12.154,0.221,-0.055
"CorrSelAdaptive(mw=0.03,mc=0.5,lb=240,n=7)",4.865,12.154,0.221,-0.055
"QPOptimal(mw=0.05,lb=240,rb=15)",4.822,11.726,0.252,-0.052
ProperEqual(mw=0.03),4.817,11.887,0.232,-0.046
"QPOptimal(mw=0.05,lb=240,rb=30)",4.813,11.850,0.251,-0.051
"CorrSelect(mw=0.03,mc=0.7,n=17)",4.812,11.708,0.237,-0.045
"CorrSelect(mw=0.03,mc=0.7,n=17)",4.812,11.708,0.237,-0.045
"CorrSelect(mw=0.03,mc=0.7,n=17)",4.812,11.708,0.237,-0.045
"CorrSelect(mw=0.03,mc=0.7,n=17)",4.812,11.708,0.237,-0.045
"CorrSelect(mw=0.03,mc=0.7,n=17)",4.812,11.708,0.237,-0.045
"CorrSelect(mw=0.03,mc=0.7,n=17)",4.812,11.708,0.237,-0.045
"ProperAdaptive(mw=0.03,lb=180)",4.798,12.630,0.196,-0.061
"QPOptimal(mw=0.05,lb=300,rb=30)",4.789,11.707,0.249,-0.051
"CorrSelAdaptive(mw=0.02,mc=0.5,lb=280,n=7)",4.766,11.663,0.189,-0.046
"CorrSelAdaptive(mw=0.02,mc=0.5,lb=280,n=7)",4.766,11.663,0.189,-0.046
"CorrSelAdaptive(mw=0.02,mc=0.5,lb=280,n=7)",4.766,11.663,0.189,-0.046
"CorrSelAdaptive(mw=0.02,mc=0.5,lb=280,n=7)",4.766,11.663,0.189,-0.046
"CorrSelAdaptive(mw=0.02,mc=0.5,lb=280,n=7)",4.766,11.663,0.189,-0.046
"CorrSelAdaptive(mw=0.03,mc=0.6,lb=280,n=12)",4.762,12.469,0.202,-0.054
"CorrSelAdaptive(mw=0.03,mc=0.6,lb=280,n=12)",4.762,12.469,0.202,-0.054
"CorrSelAdaptive(mw=0.03,mc=0.6,lb=280,n=12)",4.762,12.469,0.202,-0.054
"CorrSelAdaptive(mw=0.03,mc=0.6,lb=280,n=12)",4.762,12.469,0.202,-0.054
"CorrSelAdaptive(mw=0.03,mc=0.6,lb=280,n=12)",4.762,12.469,0.202,-0.054
"ProperAdaptive(mw=0.03,lb=180)",4.756,12.430,0.198,-0.060
"CorrSelAdaptive(mw=0.03,mc=0.6,lb=240,n=12)",4.742,12.438,0.201,-0.056
"CorrSelAdaptive(mw=0.03,mc=0.6,lb=240,n=12)",4.742,12.438,0.201,-0.056
"CorrSelAdaptive(mw=0.03,mc=0.6,lb=240,n=12)",4.742,12.438,0.201,-0.056
"CorrSelAdaptive(mw=0.03,mc=0.6,lb=240,n=12)",4.742,12.438,0.201,-0.056
"CorrSelAdaptive(mw=0.03,mc=0.6,lb=240,n=12)",4.742,12.438,0.201,-0.056
"CorrSelAdaptive(mw=0.02,mc=0.5,lb=240,n=7)",4.719,11.587,0.187,-0.047
"CorrSelAdaptive(mw=0.02,mc=0.5,lb=240,n=7)",4.719,11.587,0.187,-0.047
"CorrSelAdaptive(mw=0.02,mc=0.5,lb=240,n=7)",4.719,11.587,0.187,-0.047
"CorrSelAdaptive(mw=0.02,mc=0.5,lb=240,n=7)",4.719,11.587,0.187,-0.047
"CorrSelAdaptive(mw=0.02,mc=0.5,lb=240,n=7)",4.719,11.587,0.187,-0.047
"QPOptimal(mw=0.05,lb=240,rb=60)",4.718,11.450,0.254,-0.055
"Shrinkage(lb=240,s=0.5)",4.713,11.316,0.200,-0.037
"QPOptimal(mw=0.05,lb=180,rb=15)",4.683,11.020,0.257,-0.060
"ProperAdaptive(mw=0.03,lb=280)",4.648,12.103,0.196,-0.056
RiskParity(lb=240),4.633,11.063,0.198,-0.034
"ProperAdaptive(mw=0.03,lb=240)",4.623,11.987,0.196,-0.058
ProperEqual(mw=0.02),4.618,11.312,0.195,-0.039
"SmoothAdaptive(lb=240,hl=30)",4.618,11.413,0.179,-0.035
"SmoothAdaptive(lb=240,hl=30)",4.618,11.413,0.179,-0.035
"QPOptimal(mw=0.02,lb=300,rb=60)",4.617,10.616,0.202,-0.046
"QPOptimal(mw=0.05,lb=180,rb=60)",4.616,11.006,0.256,-0.061
"ProperAdaptive(mw=0.03,lb=280)",4.611,11.967,0.195,-0.060
"CorrSelect(mw=0.02,mc=0.7,n=12)",4.593,11.548,0.189,-0.044
"CorrSelect(mw=0.02,mc=0.7,n=12)",4.593,11.548,0.189,-0.044
"CorrSelect(mw=0.02,mc=0.7,n=12)",4.593,11.548,0.189,-0.044
"CorrSelect(mw=0.02,mc=0.7,n=12)",4.593,11.548,0.189,-0.044
"CorrSelect(mw=0.02,mc=0.7,n=12)",4.593,11.548,0.189,-0.044
"CorrSelect(mw=0.02,mc=0.7,n=12)",4.593,11.548,0.189,-0.044
"QPOptimal(mw=0.03,lb=300,rb=15)",4.583,10.620,0.237,-0.059
"ProperAdaptive(mw=0.03,lb=240)",4.576,11.835,0.195,-0.061
Equal-weight,4.558,10.535,0.212,-0.035
"SmoothAdaptive(lb=240,hl=60)",4.555,11.143,0.180,-0.034
"QPOptimal(mw=0.03,lb=300,rb=30)",4.555,10.603,0.235,-0.057
"QPOptimal(mw=0.03,lb=180,rb=30)",4.532,10.317,0.246,-0.058
Adaptive(lb=240),4.526,11.070,0.181,-0.037
Momentum(lb=240),4.526,11.070,0.181,-0.037
"SmoothAdaptive(lb=300,hl=60)",4.513,11.010,0.180,-0.034
"QPOptimal(mw=0.02,lb=300,rb=30)",4.510,10.269,0.201,-0.048
"SmoothAdaptive(lb=300,hl=30)",4.497,10.956,0.179,-0.035
"QPOptimal(mw=0.03,lb=180,rb=60)",4.459,10.094,0.248,-0.060
"QPOptimal(mw=0.03,lb=240,rb=15)",4.354,9.886,0.239,-0.055
"QPOptimal(mw=0.03,lb=240,rb=60)",4.348,9.922,0.241,-0.056
"CorrSelAdaptive(mw=0.02,mc=0.6,lb=180,n=9)",4.340,10.777,0.174,-0.045
"CorrSelAdaptive(mw=0.02,mc=0.6,lb=180,n=9)",4.340,10.777,0.174,-0.045
"CorrSelAdaptive(mw=0.02,mc=0.6,lb=180,n=9)",4.340,10.777,0.174,-0.045
"CorrSelAdaptive(mw=0.02,mc=0.6,lb=180,n=9)",4.340,10.777,0.174,-0.045
"CorrSelAdaptive(mw=0.02,mc=0.6,lb=180,n=9)",4.340,10.777,0.174,-0.045
IC-weighted(lb=60),4.332,10.182,0.201,-0.046
"QPOptimal(mw=0.02,lb=180,rb=30)",4.332,9.544,0.208,-0.051
"QPOptimal(mw=0.03,lb=240,rb=30)",4.331,9.965,0.239,-0.055
"QPOptimal(mw=0.02,lb=180,rb=60)",4.304,9.423,0.211,-0.049
"QPOptimal(mw=0.02,lb=300,rb=15)",4.246,9.318,0.202,-0.050
"QPOptimal(mw=0.02,lb=240,rb=30)",4.224,9.384,0.204,-0.050
"QPOptimal(mw=0.02,lb=240,rb=60)",4.202,9.269,0.204,-0.050
"QPOptimal(mw=0.03,lb=180,rb=15)",4.199,9.056,0.248,-0.059
"CorrSelect(mw=0.02,mc=0.3,n=4)",4.197,8.814,0.231,-0.062
"CorrSelect(mw=0.02,mc=0.3,n=4)",4.197,8.814,0.231,-0.062
"CorrSelect(mw=0.02,mc=0.3,n=4)",4.197,8.814,0.231,-0.062
"CorrSelect(mw=0.02,mc=0.3,n=4)",4.197,8.814,0.231,-0.062
"CorrSelect(mw=0.02,mc=0.3,n=4)",4.197,8.814,0.231,-0.062
"CorrSelect(mw=0.02,mc=0.3,n=4)",4.197,8.814,0.231,-0.062
Top-5(lb=240),4.136,8.781,0.212,-0.039
"CorrSelAdaptive(mw=0.02,mc=0.6,lb=240,n=9)",4.114,9.904,0.175,-0.046
"CorrSelAdaptive(mw=0.02,mc=0.6,lb=240,n=9)",4.114,9.904,0.175,-0.046
"CorrSelAdaptive(mw=0.02,mc=0.6,lb=240,n=9)",4.114,9.904,0.175,-0.046
"CorrSelAdaptive(mw=0.02,mc=0.6,lb=240,n=9)",4.114,9.904,0.175,-0.046
"CorrSelAdaptive(mw=0.02,mc=0.6,lb=240,n=9)",4.114,9.904,0.175,-0.046
"CorrSelAdaptive(mw=0.02,mc=0.6,lb=280,n=9)",4.071,9.685,0.176,-0.044
"CorrSelAdaptive(mw=0.02,mc=0.6,lb=280,n=9)",4.071,9.685,0.176,-0.044
"CorrSelAdaptive(mw=0.02,mc=0.6,lb=280,n=9)",4.071,9.685,0.176,-0.044
"CorrSelAdaptive(mw=0.02,mc=0.6,lb=280,n=9)",4.071,9.685,0.176,-0.044
"CorrSelAdaptive(mw=0.02,mc=0.6,lb=280,n=9)",4.071,9.685,0.176,-0.044
"QPOptimal(mw=0.02,lb=120,rb=30)",4.007,8.572,0.204,-0.041
"CorrSelect(mw=0.02,mc=0.4,n=5)",3.996,7.872,0.246,-0.060
"CorrSelect(mw=0.02,mc=0.4,n=5)",3.996,7.872,0.246,-0.060
"CorrSelect(mw=0.02,mc=0.4,n=5)",3.996,7.872,0.246,-0.060
"CorrSelect(mw=0.02,mc=0.4,n=5)",3.996,7.872,0.246,-0.060
"CorrSelect(mw=0.02,mc=0.4,n=5)",3.996,7.872,0.246,-0.060
"CorrSelect(mw=0.02,mc=0.4,n=5)",3.996,7.872,0.246,-0.060
"QPOptimal(mw=0.05,lb=120,rb=60)",3.956,8.730,0.253,-0.078
"QPOptimal(mw=0.05,lb=120,rb=30)",3.945,8.712,0.254,-0.058
"CorrSelAdaptive(mw=0.02,mc=0.4,lb=240,n=5)",3.919,8.423,0.197,-0.062
"CorrSelAdaptive(mw=0.02,mc=0.4,lb=240,n=5)",3.919,8.423,0.197,-0.062
"CorrSelAdaptive(mw=0.02,mc=0.4,lb=240,n=5)",3.919,8.423,0.197,-0.062
"CorrSelAdaptive(mw=0.02,mc=0.4,lb=240,n=5)",3.919,8.423,0.197,-0.062
"CorrSelAdaptive(mw=0.02,mc=0.4,lb=240,n=5)",3.919,8.423,0.197,-0.062
"CorrSelAdaptive(mw=0.02,mc=0.4,lb=180,n=5)",3.899,8.430,0.196,-0.062
"CorrSelAdaptive(mw=0.02,mc=0.4,lb=180,n=5)",3.899,8.430,0.196,-0.062
"CorrSelAdaptive(mw=0.02,mc=0.4,lb=180,n=5)",3.899,8.430,0.196,-0.062
"CorrSelAdaptive(mw=0.02,mc=0.4,lb=180,n=5)",3.899,8.430,0.196,-0.062
"CorrSelAdaptive(mw=0.02,mc=0.4,lb=180,n=5)",3.899,8.430,0.196,-0.062
"CorrSelAdaptive(mw=0.02,mc=0.3,lb=240,n=4)",3.891,8.638,0.186,-0.059
"CorrSelAdaptive(mw=0.02,mc=0.3,lb=240,n=4)",3.891,8.638,0.186,-0.059
"CorrSelAdaptive(mw=0.02,mc=0.3,lb=240,n=4)",3.891,8.638,0.186,-0.059
"CorrSelAdaptive(mw=0.02,mc=0.3,lb=240,n=4)",3.891,8.638,0.186,-0.059
"CorrSelAdaptive(mw=0.02,mc=0.3,lb=240,n=4)",3.891,8.638,0.186,-0.059
"QPOptimal(mw=0.02,lb=240,rb=15)",3.891,8.255,0.203,-0.050
"CorrSelAdaptive(mw=0.02,mc=0.4,lb=280,n=5)",3.878,8.268,0.197,-0.062
"CorrSelAdaptive(mw=0.02,mc=0.4,lb=280,n=5)",3.878,8.268,0.197,-0.062
"CorrSelAdaptive(mw=0.02,mc=0.4,lb=280,n=5)",3.878,8.268,0.197,-0.062
"CorrSelAdaptive(mw=0.02,mc=0.4,lb=280,n=5)",3.878,8.268,0.197,-0.062
"CorrSelAdaptive(mw=0.02,mc=0.4,lb=280,n=5)",3.878,8.268,0.197,-0.062
"CorrSelAdaptive(mw=0.02,mc=0.3,lb=180,n=4)",3.875,8.602,0.186,-0.060
"CorrSelAdaptive(mw=0.02,mc=0.3,lb=180,n=4)",3.875,8.602,0.186,-0.060
"CorrSelAdaptive(mw=0.02,mc=0.3,lb=180,n=4)",3.875,8.602,0.186,-0.060
"CorrSelAdaptive(mw=0.02,mc=0.3,lb=180,n=4)",3.875,8.602,0.186,-0.060
"CorrSelAdaptive(mw=0.02,mc=0.3,lb=180,n=4)",3.875,8.602,0.186,-0.060
"ProperAdaptive(mw=0.02,lb=180)",3.835,8.968,0.170,-0.047
"CorrSelAdaptive(mw=0.02,mc=0.3,lb=280,n=4)",3.812,8.377,0.186,-0.059
"CorrSelAdaptive(mw=0.02,mc=0.3,lb=280,n=4)",3.812,8.377,0.186,-0.059
"CorrSelAdaptive(mw=0.02,mc=0.3,lb=280,n=4)",3.812,8.377,0.186,-0.059
"CorrSelAdaptive(mw=0.02,mc=0.3,lb=280,n=4)",3.812,8.377,0.186,-0.059
"CorrSelAdaptive(mw=0.02,mc=0.3,lb=280,n=4)",3.812,8.377,0.186,-0.059
"QPOptimal(mw=0.02,lb=180,rb=15)",3.790,7.752,0.209,-0.054
"QPOptimal(mw=0.02,lb=120,rb=60)",3.769,7.761,0.208,-0.050
"QPOptimal(mw=0.05,lb=120,rb=15)",3.747,7.940,0.259,-0.053
"ProperAdaptive(mw=0.02,lb=180)",3.724,8.585,0.171,-0.047
"ProperAdaptive(mw=0.02,lb=280)",3.694,8.563,0.170,-0.044
"ProperAdaptive(mw=0.02,lb=240)",3.651,8.393,0.170,-0.046
"ProperAdaptive(mw=0.02,lb=280)",3.624,8.300,0.169,-0.047
"ProperAdaptive(mw=0.02,lb=240)",3.596,8.198,0.169,-0.049
"SelectSharpe(n=14,d=2)",3.577,9.021,0.140,-0.046
"SelectSharpe(n=14,d=2)",3.577,9.021,0.140,-0.046
"SelectSharpe(n=14,d=2)",3.577,9.021,0.140,-0.046
"SelectSharpe(n=14,d=2)",3.577,9.021,0.140,-0.046
"QPOptimal(mw=0.03,lb=120,rb=60)",3.564,7.209,0.246,-0.071
"MinVarBayesian(mw=0.03,lb=240,hl=90)",3.467,7.907,0.191,-0.051
"MinVarBayesian(mw=0.03,lb=240,hl=45)",3.457,7.814,0.194,-0.050
"MinVarBayesian(mw=0.03,lb=280,hl=45)",3.436,7.752,0.193,-0.050
"MinVarBayesian(mw=0.03,lb=280,hl=90)",3.435,7.814,0.190,-0.051
"ProperDecay(mw=0.05,lb=240,d=2,hl=90)",3.384,8.725,0.161,-0.069
"ProperDecay(mw=0.05,lb=280,d=2,hl=90)",3.382,8.726,0.161,-0.068
"ProperDecay(mw=0.05,lb=240,d=2,hl=60)",3.376,8.701,0.160,-0.071
"ProperDecay(mw=0.05,lb=280,d=2,hl=60)",3.371,8.693,0.160,-0.070
"QPOptimal(mw=0.02,lb=120,rb=15)",3.371,6.531,0.210,-0.051
"ProperDecay(mw=0.05,lb=240,d=2,hl=30)",3.368,8.698,0.159,-0.073
"ProperDecay(mw=0.05,lb=280,d=2,hl=30)",3.347,8.623,0.159,-0.072
"QPOptimal(mw=0.03,lb=120,rb=30)",3.292,6.462,0.244,-0.067
"CVXPYLedoitSharpe(mw=0.03,lb=280,l2=0.05,hl=90)",3.203,7.623,0.164,-0.059
"CVXPYLedoitSharpe(mw=0.03,lb=280,l2=0.01,hl=90)",3.203,7.622,0.164,-0.059
"CVXPYLedoitSharpe(mw=0.03,lb=280,l2=0.001,hl=90)",3.201,7.611,0.164,-0.059
"MinVarBayesian(mw=0.02,lb=240,hl=90)",3.172,7.074,0.159,-0.043
"CVXPYLedoitSharpe(mw=0.03,lb=280,l2=0.05,hl=45)",3.167,7.482,0.163,-0.062
"CVXPYLedoitSharpe(mw=0.03,lb=280,l2=0.01,hl=45)",3.166,7.480,0.163,-0.062
"CVXPYLedoitSharpe(mw=0.03,lb=280,l2=0.001,hl=45)",3.162,7.457,0.163,-0.062
"CVXPYLedoitSharpe(mw=0.03,lb=240,l2=0.05,hl=90)",3.142,7.405,0.164,-0.060
"CVXPYLedoitSharpe(mw=0.03,lb=240,l2=0.01,hl=90)",3.142,7.405,0.164,-0.060
"CVXPYLedoitSharpe(mw=0.03,lb=240,l2=0.001,hl=90)",3.141,7.395,0.164,-0.060
"MinVarBayesian(mw=0.02,lb=280,hl=90)",3.125,6.936,0.159,-0.043
"CVXPYMVUtility(mw=0.03,lb=240,k=4.0,tc=0.1,hl=45)",3.113,7.266,0.170,-0.053
"CVXPYMVUtility(mw=0.03,lb=240,k=2.0,tc=0.1,hl=45)",3.113,7.266,0.170,-0.053
"CVXPYMVUtility(mw=0.03,lb=240,k=1.0,tc=0.1,hl=45)",3.113,7.266,0.170,-0.053
"CVXPYMVUtility(mw=0.03,lb=280,k=4.0,tc=0.1,hl=45)",3.113,7.266,0.170,-0.053
"CVXPYMVUtility(mw=0.03,lb=280,k=2.0,tc=0.1,hl=45)",3.113,7.266,0.170,-0.053
"CVXPYMVUtility(mw=0.03,lb=280,k=1.0,tc=0.1,hl=45)",3.113,7.266,0.170,-0.053
"CVXPYMVUtility(mw=0.03,lb=240,k=4.0,tc=0.1,hl=90)",3.113,7.266,0.170,-0.053
"CVXPYMVUtility(mw=0.03,lb=240,k=2.0,tc=0.1,hl=90)",3.113,7.266,0.170,-0.053
"CVXPYMVUtility(mw=0.03,lb=240,k=1.0,tc=0.1,hl=90)",3.113,7.266,0.170,-0.053
"CVXPYMVUtility(mw=0.03,lb=280,k=4.0,tc=0.1,hl=90)",3.113,7.266,0.170,-0.053
"CVXPYMVUtility(mw=0.03,lb=280,k=2.0,tc=0.1,hl=90)",3.113,7.266,0.170,-0.053
"CVXPYMVUtility(mw=0.03,lb=280,k=1.0,tc=0.1,hl=90)",3.113,7.266,0.170,-0.053
"CVXPYMVUtility(mw=0.03,lb=240,k=4.0,tc=0.5,hl=45)",3.113,7.266,0.170,-0.053
"CVXPYMVUtility(mw=0.03,lb=240,k=2.0,tc=0.5,hl=45)",3.113,7.266,0.170,-0.053
"CVXPYMVUtility(mw=0.03,lb=240,k=1.0,tc=0.5,hl=45)",3.113,7.266,0.170,-0.053
"CVXPYMVUtility(mw=0.03,lb=280,k=4.0,tc=0.5,hl=45)",3.113,7.266,0.170,-0.053
"CVXPYMVUtility(mw=0.03,lb=280,k=2.0,tc=0.5,hl=45)",3.113,7.266,0.170,-0.053
"CVXPYMVUtility(mw=0.03,lb=280,k=1.0,tc=0.5,hl=45)",3.113,7.266,0.170,-0.053
"CVXPYMVUtility(mw=0.03,lb=240,k=4.0,tc=0.5,hl=90)",3.113,7.266,0.170,-0.053
"CVXPYMVUtility(mw=0.03,lb=240,k=2.0,tc=0.5,hl=90)",3.113,7.266,0.170,-0.053
"CVXPYMVUtility(mw=0.03,lb=240,k=1.0,tc=0.5,hl=90)",3.113,7.266,0.170,-0.053
"CVXPYMVUtility(mw=0.03,lb=280,k=4.0,tc=0.5,hl=90)",3.113,7.266,0.170,-0.053
"CVXPYMVUtility(mw=0.03,lb=280,k=2.0,tc=0.5,hl=90)",3.113,7.266,0.170,-0.053
"CVXPYMVUtility(mw=0.03,lb=280,k=1.0,tc=0.5,hl=90)",3.113,7.266,0.170,-0.053
"CVXPYMVUtility(mw=0.03,lb=240,k=4.0,tc=1.0,hl=45)",3.113,7.266,0.170,-0.053
"CVXPYMVUtility(mw=0.03,lb=240,k=2.0,tc=1.0,hl=45)",3.113,7.266,0.170,-0.053
"CVXPYMVUtility(mw=0.03,lb=240,k=1.0,tc=1.0,hl=45)",3.113,7.266,0.170,-0.053
"CVXPYMVUtility(mw=0.03,lb=280,k=4.0,tc=1.0,hl=45)",3.113,7.266,0.170,-0.053
"CVXPYMVUtility(mw=0.03,lb=280,k=2.0,tc=1.0,hl=45)",3.113,7.266,0.170,-0.053
"CVXPYMVUtility(mw=0.03,lb=280,k=1.0,tc=1.0,hl=45)",3.113,7.266,0.170,-0.053
"CVXPYMVUtility(mw=0.03,lb=240,k=4.0,tc=1.0,hl=90)",3.113,7.266,0.170,-0.053
"CVXPYMVUtility(mw=0.03,lb=240,k=2.0,tc=1.0,hl=90)",3.113,7.266,0.170,-0.053
"CVXPYMVUtility(mw=0.03,lb=240,k=1.0,tc=1.0,hl=90)",3.113,7.266,0.170,-0.053
"CVXPYMVUtility(mw=0.03,lb=280,k=4.0,tc=1.0,hl=90)",3.113,7.266,0.170,-0.053
"CVXPYMVUtility(mw=0.03,lb=280,k=2.0,tc=1.0,hl=90)",3.113,7.266,0.170,-0.053
"CVXPYMVUtility(mw=0.03,lb=280,k=1.0,tc=1.0,hl=90)",3.113,7.266,0.170,-0.053
"HRP(mw=0.03,lb=240,rb=12,hl=45)",3.113,7.266,0.170,-0.053
"HRP(mw=0.03,lb=240,rb=12,hl=90)",3.113,7.266,0.170,-0.053
"HRP(mw=0.03,lb=240,rb=24,hl=45)",3.113,7.266,0.170,-0.053
"HRP(mw=0.03,lb=240,rb=24,hl=90)",3.113,7.266,0.170,-0.053
"HRP(mw=0.03,lb=280,rb=12,hl=45)",3.113,7.266,0.170,-0.053
"HRP(mw=0.03,lb=280,rb=12,hl=90)",3.113,7.266,0.170,-0.053
"HRP(mw=0.03,lb=280,rb=24,hl=45)",3.113,7.266,0.170,-0.053
"HRP(mw=0.03,lb=280,rb=24,hl=90)",3.113,7.266,0.170,-0.053
"MinVarBayesian(mw=0.02,lb=240,hl=45)",3.107,6.786,0.161,-0.042
"CVXPYLedoitSharpe(mw=0.03,lb=240,l2=0.05,hl=45)",3.090,7.218,0.163,-0.064
"CVXPYLedoitSharpe(mw=0.03,lb=240,l2=0.01,hl=45)",3.090,7.217,0.163,-0.064
"CVXPYLedoitSharpe(mw=0.03,lb=240,l2=0.001,hl=45)",3.088,7.204,0.163,-0.064
"KellyOptimal(mw=0.03,lb=280,kf=0.7,hl=90)",3.067,6.836,0.176,-0.053
"KellyOptimal(mw=0.03,lb=280,kf=0.5,hl=90)",3.067,6.836,0.176,-0.053
"KellyOptimal(mw=0.03,lb=280,kf=0.3,hl=90)",3.067,6.836,0.176,-0.053
"MinVarBayesian(mw=0.02,lb=280,hl=45)",3.066,6.668,0.161,-0.042
"QPOptimal(mw=0.03,lb=120,rb=15)",3.044,5.642,0.249,-0.077
"RegimeScaled(mw=0.03,lb=360,hl=60)",3.026,7.307,0.150,-0.060
"RegimeScaled(mw=0.03,lb=360,hl=90)",3.023,7.296,0.151,-0.059
"RegimeScaled(mw=0.03,lb=360,hl=30)",3.013,7.264,0.150,-0.062
"KellyOptimal(mw=0.03,lb=240,kf=0.3,hl=90)",2.984,6.565,0.176,-0.055
"KellyOptimal(mw=0.03,lb=240,kf=0.5,hl=90)",2.984,6.565,0.176,-0.055
"KellyOptimal(mw=0.03,lb=240,kf=0.7,hl=90)",2.984,6.565,0.176,-0.055
"RegimeScaled(mw=0.03,lb=280,hl=90)",2.977,7.102,0.151,-0.059
"ProperDecay(mw=0.03,lb=280,d=2,hl=90)",2.972,7.081,0.152,-0.059
"RegimeScaled(mw=0.03,lb=240,hl=90)",2.967,7.058,0.151,-0.061
"ProperDDControl(mw=0.03,lb=240,mdd=0.03)",2.964,7.017,0.150,-0.066
"ProperDecay(mw=0.03,lb=240,d=2,hl=90)",2.963,7.037,0.152,-0.061
"RegimeScaled(mw=0.03,lb=280,hl=60)",2.946,6.994,0.151,-0.061
"HRP(mw=0.02,lb=240,rb=12,hl=45)",2.942,6.773,0.143,-0.046
"HRP(mw=0.02,lb=240,rb=12,hl=90)",2.942,6.773,0.143,-0.046
"HRP(mw=0.02,lb=240,rb=24,hl=45)",2.942,6.773,0.143,-0.046
"HRP(mw=0.02,lb=240,rb=24,hl=90)",2.942,6.773,0.143,-0.046
"HRP(mw=0.02,lb=280,rb=12,hl=45)",2.942,6.773,0.143,-0.046
"HRP(mw=0.02,lb=280,rb=12,hl=90)",2.942,6.773,0.143,-0.046
"HRP(mw=0.02,lb=280,rb=24,hl=45)",2.942,6.773,0.143,-0.046
"HRP(mw=0.02,lb=280,rb=24,hl=90)",2.942,6.773,0.143,-0.046
"CVXPYMVUtility(mw=0.02,lb=280,k=4.0,tc=1.0,hl=90)",2.942,6.773,0.143,-0.046
"CVXPYMVUtility(mw=0.02,lb=280,k=2.0,tc=1.0,hl=90)",2.942,6.773,0.143,-0.046
"CVXPYMVUtility(mw=0.02,lb=280,k=1.0,tc=1.0,hl=90)",2.942,6.773,0.143,-0.046
"CVXPYMVUtility(mw=0.02,lb=240,k=4.0,tc=1.0,hl=90)",2.942,6.773,0.143,-0.046
"CVXPYMVUtility(mw=0.02,lb=240,k=2.0,tc=1.0,hl=90)",2.942,6.773,0.143,-0.046
"CVXPYMVUtility(mw=0.02,lb=240,k=1.0,tc=1.0,hl=90)",2.942,6.773,0.143,-0.046
"CVXPYMVUtility(mw=0.02,lb=280,k=4.0,tc=1.0,hl=45)",2.942,6.773,0.143,-0.046
"CVXPYMVUtility(mw=0.02,lb=280,k=2.0,tc=1.0,hl=45)",2.942,6.773,0.143,-0.046
"CVXPYMVUtility(mw=0.02,lb=280,k=1.0,tc=1.0,hl=45)",2.942,6.773,0.143,-0.046
"CVXPYMVUtility(mw=0.02,lb=240,k=4.0,tc=1.0,hl=45)",2.942,6.773,0.143,-0.046
"CVXPYMVUtility(mw=0.02,lb=240,k=2.0,tc=1.0,hl=45)",2.942,6.773,0.143,-0.046
"CVXPYMVUtility(mw=0.02,lb=240,k=1.0,tc=1.0,hl=45)",2.942,6.773,0.143,-0.046
"CVXPYMVUtility(mw=0.02,lb=280,k=4.0,tc=0.5,hl=90)",2.942,6.773,0.143,-0.046
"CVXPYMVUtility(mw=0.02,lb=280,k=2.0,tc=0.5,hl=90)",2.942,6.773,0.143,-0.046
"CVXPYMVUtility(mw=0.02,lb=280,k=1.0,tc=0.5,hl=90)",2.942,6.773,0.143,-0.046
"CVXPYMVUtility(mw=0.02,lb=240,k=4.0,tc=0.5,hl=90)",2.942,6.773,0.143,-0.046
"CVXPYMVUtility(mw=0.02,lb=240,k=2.0,tc=0.5,hl=90)",2.942,6.773,0.143,-0.046
"CVXPYMVUtility(mw=0.02,lb=240,k=1.0,tc=0.5,hl=90)",2.942,6.773,0.143,-0.046
"CVXPYMVUtility(mw=0.02,lb=280,k=4.0,tc=0.5,hl=45)",2.942,6.773,0.143,-0.046
"CVXPYMVUtility(mw=0.02,lb=280,k=2.0,tc=0.5,hl=45)",2.942,6.773,0.143,-0.046
"CVXPYMVUtility(mw=0.02,lb=280,k=1.0,tc=0.5,hl=45)",2.942,6.773,0.143,-0.046
"CVXPYMVUtility(mw=0.02,lb=240,k=4.0,tc=0.5,hl=45)",2.942,6.773,0.143,-0.046
"CVXPYMVUtility(mw=0.02,lb=240,k=2.0,tc=0.5,hl=45)",2.942,6.773,0.143,-0.046
"CVXPYMVUtility(mw=0.02,lb=240,k=1.0,tc=0.5,hl=45)",2.942,6.773,0.143,-0.046
"CVXPYMVUtility(mw=0.02,lb=280,k=4.0,tc=0.1,hl=90)",2.942,6.773,0.143,-0.046
"CVXPYMVUtility(mw=0.02,lb=280,k=2.0,tc=0.1,hl=90)",2.942,6.773,0.143,-0.046
"CVXPYMVUtility(mw=0.02,lb=280,k=1.0,tc=0.1,hl=90)",2.942,6.773,0.143,-0.046
"CVXPYMVUtility(mw=0.02,lb=240,k=4.0,tc=0.1,hl=90)",2.942,6.773,0.143,-0.046
"CVXPYMVUtility(mw=0.02,lb=240,k=2.0,tc=0.1,hl=90)",2.942,6.773,0.143,-0.046
"CVXPYMVUtility(mw=0.02,lb=240,k=1.0,tc=0.1,hl=90)",2.942,6.773,0.143,-0.046
"CVXPYMVUtility(mw=0.02,lb=280,k=4.0,tc=0.1,hl=45)",2.942,6.773,0.143,-0.046
"CVXPYMVUtility(mw=0.02,lb=280,k=2.0,tc=0.1,hl=45)",2.942,6.773,0.143,-0.046
"CVXPYMVUtility(mw=0.02,lb=280,k=1.0,tc=0.1,hl=45)",2.942,6.773,0.143,-0.046
"CVXPYMVUtility(mw=0.02,lb=240,k=4.0,tc=0.1,hl=45)",2.942,6.773,0.143,-0.046
"CVXPYMVUtility(mw=0.02,lb=240,k=2.0,tc=0.1,hl=45)",2.942,6.773,0.143,-0.046
"CVXPYMVUtility(mw=0.02,lb=240,k=1.0,tc=0.1,hl=45)",2.942,6.773,0.143,-0.046
"ProperDecay(mw=0.03,lb=280,d=2,hl=60)",2.942,6.973,0.151,-0.061
"RegimeScaled(mw=0.03,lb=240,hl=60)",2.933,6.938,0.151,-0.063
"KellyOptimal(mw=0.03,lb=280,kf=0.3,hl=45)",2.931,6.369,0.176,-0.057
"KellyOptimal(mw=0.03,lb=280,kf=0.5,hl=45)",2.931,6.369,0.176,-0.057
"KellyOptimal(mw=0.03,lb=280,kf=0.7,hl=45)",2.931,6.369,0.176,-0.057
"ProperDecay(mw=0.03,lb=240,d=2,hl=60)",2.928,6.918,0.151,-0.063
"ProperDDControl(mw=0.03,lb=280,mdd=0.03)",2.926,6.881,0.150,-0.065
"RegimeScaled(mw=0.03,lb=240,hl=30)",2.904,6.852,0.149,-0.067
"ProperDecay(mw=0.03,lb=240,d=2,hl=30)",2.899,6.832,0.150,-0.067
"ProperDDControl(mw=0.03,lb=240,mdd=0.08)",2.899,6.832,0.150,-0.067
"RegimeScaled(mw=0.03,lb=280,hl=30)",2.895,6.820,0.150,-0.065
"ProperDecay(mw=0.03,lb=280,d=2,hl=30)",2.890,6.800,0.150,-0.065
"ProperDDControl(mw=0.03,lb=280,mdd=0.08)",2.890,6.799,0.150,-0.065
"ProperDDControl(mw=0.03,lb=240,mdd=0.05)",2.887,6.773,0.150,-0.067
"ProperDDControl(mw=0.03,lb=280,mdd=0.05)",2.868,6.709,0.150,-0.066
"KellyOptimal(mw=0.03,lb=240,kf=0.5,hl=45)",2.845,6.111,0.176,-0.060
"KellyOptimal(mw=0.03,lb=240,kf=0.3,hl=45)",2.845,6.111,0.176,-0.060
"KellyOptimal(mw=0.03,lb=240,kf=0.7,hl=45)",2.845,6.111,0.176,-0.060
"SelectSharpe(n=13,d=3)",2.762,6.637,0.121,-0.054
"KellyOptimal(mw=0.02,lb=280,kf=0.5,hl=90)",2.729,5.808,0.149,-0.046
"KellyOptimal(mw=0.02,lb=280,kf=0.7,hl=90)",2.729,5.808,0.149,-0.046
"KellyOptimal(mw=0.02,lb=280,kf=0.3,hl=90)",2.729,5.808,0.149,-0.046
"SelectSharpe(n=14,d=3)",2.701,6.353,0.122,-0.055
"CVXPYRegimeUtil(mw=0.03,lb=280,k=1.0,rs=3.0,hl=90)",2.664,5.730,0.157,-0.077
"KellyOptimal(mw=0.02,lb=240,kf=0.3,hl=90)",2.661,5.618,0.149,-0.051
"KellyOptimal(mw=0.02,lb=240,kf=0.5,hl=90)",2.661,5.618,0.149,-0.051
"KellyOptimal(mw=0.02,lb=240,kf=0.7,hl=90)",2.661,5.618,0.149,-0.051
"CVXPYRegimeUtil(mw=0.03,lb=280,k=2.0,rs=2.0,hl=90)",2.660,5.712,0.158,-0.077
"CVXPYRegimeUtil(mw=0.03,lb=280,k=1.0,rs=2.0,hl=90)",2.659,5.719,0.157,-0.077
"CVXPYRegimeUtil(mw=0.03,lb=280,k=1.0,rs=5.0,hl=90)",2.658,5.699,0.158,-0.077
"CVXPYRegimeUtil(mw=0.03,lb=280,k=2.0,rs=3.0,hl=90)",2.654,5.680,0.158,-0.076
"CVXPYRegimeUtil(mw=0.03,lb=240,k=2.0,rs=5.0,hl=90)",2.644,5.624,0.159,-0.078
"ProperDecay(mw=0.05,lb=240,d=3,hl=30)",2.638,6.462,0.138,-0.077
"CVXPYRegimeUtil(mw=0.03,lb=280,k=2.0,rs=5.0,hl=90)",2.637,5.607,0.159,-0.076
"ProperDecay(mw=0.05,lb=240,d=3,hl=60)",2.625,6.393,0.139,-0.076
"ProperDecay(mw=0.05,lb=240,d=3,hl=90)",2.625,6.387,0.140,-0.074
"CVXPYRegimeUtil(mw=0.03,lb=240,k=2.0,rs=5.0,hl=45)",2.624,5.579,0.156,-0.080
"ProperDecay(mw=0.05,lb=280,d=3,hl=90)",2.624,6.392,0.140,-0.073
"ProperDecay(mw=0.05,lb=280,d=3,hl=60)",2.623,6.392,0.139,-0.074
"ProperDecay(mw=0.05,lb=280,d=3,hl=30)",2.620,6.400,0.138,-0.076
"CVXPYRegimeUtil(mw=0.03,lb=240,k=2.0,rs=3.0,hl=90)",2.608,5.510,0.158,-0.079
"CVXPYRegimeUtil(mw=0.03,lb=240,k=1.0,rs=5.0,hl=90)",2.597,5.472,0.158,-0.079
"KellyOptimal(mw=0.02,lb=280,kf=0.3,hl=45)",2.581,5.318,0.149,-0.048
"KellyOptimal(mw=0.02,lb=280,kf=0.5,hl=45)",2.581,5.318,0.149,-0.048
"KellyOptimal(mw=0.02,lb=280,kf=0.7,hl=45)",2.581,5.318,0.149,-0.048
"CVXPYRegimeUtil(mw=0.03,lb=240,k=2.0,rs=2.0,hl=90)",2.580,5.417,0.159,-0.079
"CVXPYRegimeUtil(mw=0.03,lb=240,k=2.0,rs=3.0,hl=45)",2.569,5.399,0.156,-0.080
"CVXPYRegimeUtil(mw=0.03,lb=240,k=1.0,rs=3.0,hl=90)",2.567,5.374,0.159,-0.079
"CVXPYRegimeUtil(mw=0.03,lb=280,k=2.0,rs=3.0,hl=45)",2.566,5.398,0.156,-0.077
"CVXPYRegimeUtil(mw=0.03,lb=280,k=1.0,rs=5.0,hl=45)",2.565,5.399,0.155,-0.077
"CVXPYRegimeUtil(mw=0.03,lb=280,k=1.0,rs=2.0,hl=45)",2.564,5.411,0.155,-0.078
"CVXPYRegimeUtil(mw=0.03,lb=280,k=1.0,rs=3.0,hl=45)",2.561,5.395,0.155,-0.077
"CVXPYRegimeUtil(mw=0.03,lb=280,k=2.0,rs=2.0,hl=45)",2.558,5.381,0.155,-0.077
"CVXPYRegimeUtil(mw=0.03,lb=280,k=2.0,rs=5.0,hl=45)",2.557,5.353,0.156,-0.076
"CVXPYRegimeUtil(mw=0.03,lb=240,k=1.0,rs=5.0,hl=45)",2.550,5.339,0.156,-0.080
"CVXPYRegimeUtil(mw=0.03,lb=240,k=1.0,rs=2.0,hl=90)",2.543,5.297,0.159,-0.079
"SelectSharpe(n=15,d=3)",2.538,5.787,0.122,-0.056
"CVXPYRegimeUtil(mw=0.03,lb=240,k=2.0,rs=2.0,hl=45)",2.525,5.256,0.156,-0.080
"CVXPYLedoitSharpe(mw=0.02,lb=280,l2=0.05,hl=90)",2.520,5.372,0.139,-0.049
"CVXPYLedoitSharpe(mw=0.02,lb=280,l2=0.01,hl=90)",2.520,5.371,0.139,-0.049
"CVXPYLedoitSharpe(mw=0.02,lb=280,l2=0.001,hl=90)",2.519,5.361,0.139,-0.049
"KellyOptimal(mw=0.02,lb=240,kf=0.3,hl=45)",2.502,5.114,0.148,-0.053
"KellyOptimal(mw=0.02,lb=240,kf=0.5,hl=45)",2.502,5.114,0.148,-0.053
"KellyOptimal(mw=0.02,lb=240,kf=0.7,hl=45)",2.502,5.114,0.148,-0.053
"CVXPYRegimeUtil(mw=0.03,lb=240,k=1.0,rs=3.0,hl=45)",2.498,5.171,0.156,-0.080
"CVXPYRegimeUtil(mw=0.03,lb=240,k=1.0,rs=2.0,hl=45)",2.462,5.054,0.157,-0.081
"CVXPYLedoitSharpe(mw=0.02,lb=240,l2=0.001,hl=90)",2.372,4.895,0.139,-0.050
"CVXPYLedoitSharpe(mw=0.02,lb=240,l2=0.01,hl=90)",2.365,4.881,0.139,-0.050
"CVXPYLedoitSharpe(mw=0.02,lb=280,l2=0.05,hl=45)",2.365,4.871,0.138,-0.053
"CVXPYLedoitSharpe(mw=0.02,lb=240,l2=0.05,hl=90)",2.365,4.881,0.139,-0.050
"CVXPYLedoitSharpe(mw=0.02,lb=280,l2=0.01,hl=45)",2.365,4.869,0.138,-0.053
"CVXPYLedoitSharpe(mw=0.02,lb=280,l2=0.001,hl=45)",2.360,4.848,0.138,-0.053
RankDecay(d=3),2.283,4.915,0.125,-0.046
"RegimeScaled(mw=0.02,lb=360,hl=90)",2.247,4.741,0.128,-0.057
"CVXPYLedoitSharpe(mw=0.02,lb=240,l2=0.05,hl=45)",2.208,4.393,0.138,-0.055
"CVXPYLedoitSharpe(mw=0.02,lb=240,l2=0.01,hl=45)",2.208,4.392,0.138,-0.055
"CVXPYLedoitSharpe(mw=0.02,lb=240,l2=0.001,hl=45)",2.208,4.385,0.138,-0.055
"ProperDecay(mw=0.03,lb=280,d=3,hl=90)",2.196,4.838,0.131,-0.065
"ProperDecay(mw=0.03,lb=240,d=3,hl=90)",2.195,4.830,0.131,-0.066
"RegimeScaled(mw=0.02,lb=360,hl=60)",2.188,4.560,0.127,-0.056
"ProperDecay(mw=0.03,lb=240,d=3,hl=30)",2.180,4.795,0.129,-0.072
"ProperDecay(mw=0.03,lb=240,d=3,hl=60)",2.179,4.778,0.130,-0.069
"ProperDecay(mw=0.03,lb=280,d=3,hl=60)",2.178,4.783,0.130,-0.067
"ProperDecay(mw=0.05,lb=240,d=4,hl=30)",2.155,5.019,0.124,-0.081
"RegimeScaled(mw=0.02,lb=360,hl=30)",2.151,4.443,0.127,-0.055
"ProperDecay(mw=0.03,lb=280,d=3,hl=30)",2.148,4.689,0.129,-0.070
"ProperDecay(mw=0.05,lb=280,d=4,hl=30)",2.137,4.960,0.125,-0.080
"ProperDecay(mw=0.05,lb=240,d=4,hl=60)",2.131,4.919,0.126,-0.080
"ProperDecay(mw=0.05,lb=280,d=4,hl=60)",2.123,4.899,0.126,-0.078
"ProperDecay(mw=0.05,lb=240,d=4,hl=90)",2.115,4.862,0.126,-0.078
"ProperDecay(mw=0.05,lb=280,d=4,hl=90)",2.111,4.854,0.126,-0.077
"RegimeScaled(mw=0.02,lb=280,hl=90)",2.084,4.217,0.128,-0.058
"ProperDecay(mw=0.02,lb=280,d=2,hl=90)",2.076,4.188,0.128,-0.058
"RegimeScaled(mw=0.02,lb=240,hl=90)",2.037,4.063,0.128,-0.057
"ProperDecay(mw=0.02,lb=240,d=2,hl=90)",2.029,4.035,0.128,-0.057
"RegimeScaled(mw=0.02,lb=280,hl=60)",1.993,3.939,0.128,-0.057
"ProperDecay(mw=0.02,lb=280,d=2,hl=60)",1.984,3.911,0.128,-0.057
"RegimeScaled(mw=0.02,lb=240,hl=60)",1.951,3.805,0.128,-0.055
"ProperDecay(mw=0.02,lb=240,d=2,hl=60)",1.943,3.778,0.128,-0.055
"RegimeScaled(mw=0.02,lb=240,hl=30)",1.935,3.751,0.127,-0.057
"ProperDDControl(mw=0.02,lb=240,mdd=0.08)",1.926,3.723,0.127,-0.057
"ProperDecay(mw=0.02,lb=240,d=2,hl=30)",1.926,3.723,0.127,-0.057
"ProperDDControl(mw=0.02,lb=240,mdd=0.05)",1.924,3.705,0.127,-0.058
"RegimeScaled(mw=0.02,lb=280,hl=30)",1.923,3.722,0.127,-0.055
"ProperDDControl(mw=0.02,lb=280,mdd=0.08)",1.916,3.700,0.127,-0.055
"ProperDecay(mw=0.02,lb=280,d=2,hl=30)",1.914,3.694,0.127,-0.055
"CVXPYRegimeUtil(mw=0.02,lb=240,k=2.0,rs=3.0,hl=90)",1.899,3.349,0.143,-0.073
"ProperDDControl(mw=0.02,lb=280,mdd=0.05)",1.898,3.637,0.127,-0.056
"CVXPYRegimeUtil(mw=0.02,lb=240,k=1.0,rs=5.0,hl=90)",1.894,3.339,0.143,-0.073
"CVXPYRegimeUtil(mw=0.02,lb=240,k=2.0,rs=5.0,hl=90)",1.891,3.315,0.144,-0.073
"CVXPYRegimeUtil(mw=0.02,lb=240,k=2.0,rs=2.0,hl=90)",1.883,3.314,0.143,-0.073
"CVXPYRegimeUtil(mw=0.02,lb=240,k=1.0,rs=3.0,hl=90)",1.860,3.261,0.143,-0.073
"ProperDDControl(mw=0.02,lb=240,mdd=0.03)",1.850,3.458,0.127,-0.059
"ProperDDControl(mw=0.02,lb=280,mdd=0.03)",1.836,3.419,0.127,-0.058
"CVXPYRegimeUtil(mw=0.02,lb=240,k=1.0,rs=2.0,hl=90)",1.830,3.186,0.143,-0.073
"CVXPYRegimeUtil(mw=0.02,lb=280,k=2.0,rs=5.0,hl=90)",1.797,3.091,0.144,-0.076
"CVXPYRegimeUtil(mw=0.02,lb=280,k=1.0,rs=5.0,hl=90)",1.769,3.039,0.143,-0.076
"CVXPYRegimeUtil(mw=0.02,lb=280,k=2.0,rs=3.0,hl=90)",1.766,3.029,0.143,-0.076
"CVXPYRegimeUtil(mw=0.02,lb=280,k=2.0,rs=2.0,hl=90)",1.765,3.030,0.142,-0.076
"CVXPYRegimeUtil(mw=0.02,lb=240,k=2.0,rs=3.0,hl=45)",1.764,3.017,0.142,-0.075
"CVXPYRegimeUtil(mw=0.02,lb=280,k=1.0,rs=3.0,hl=90)",1.758,3.015,0.142,-0.076
"CVXPYRegimeUtil(mw=0.02,lb=240,k=1.0,rs=5.0,hl=45)",1.758,3.004,0.142,-0.075
"CVXPYRegimeUtil(mw=0.02,lb=240,k=2.0,rs=5.0,hl=45)",1.751,2.976,0.143,-0.075
"CVXPYRegimeUtil(mw=0.02,lb=280,k=1.0,rs=2.0,hl=90)",1.746,2.985,0.142,-0.076
"CVXPYRegimeUtil(mw=0.02,lb=240,k=2.0,rs=2.0,hl=45)",1.737,2.954,0.142,-0.076
"CVXPYRegimeUtil(mw=0.02,lb=240,k=1.0,rs=3.0,hl=45)",1.701,2.864,0.142,-0.076
"CVXPYRegimeUtil(mw=0.02,lb=240,k=1.0,rs=2.0,hl=45)",1.654,2.753,0.142,-0.076
"ProperDecay(mw=0.03,lb=240,d=4,hl=30)",1.631,3.277,0.116,-0.077
"CVXPYRegimeUtil(mw=0.02,lb=280,k=2.0,rs=3.0,hl=45)",1.626,2.679,0.142,-0.077
"CVXPYRegimeUtil(mw=0.02,lb=280,k=1.0,rs=5.0,hl=45)",1.622,2.669,0.142,-0.077
"CVXPYRegimeUtil(mw=0.02,lb=280,k=2.0,rs=5.0,hl=45)",1.618,2.637,0.143,-0.077
"CVXPYRegimeUtil(mw=0.02,lb=280,k=2.0,rs=2.0,hl=45)",1.608,2.635,0.142,-0.077
"ProperDecay(mw=0.03,lb=240,d=4,hl=90)",1.601,3.177,0.118,-0.072
"ProperDecay(mw=0.03,lb=240,d=4,hl=60)",1.599,3.173,0.117,-0.075
"ProperDecay(mw=0.03,lb=280,d=4,hl=90)",1.599,3.174,0.118,-0.071
"CVXPYRegimeUtil(mw=0.02,lb=280,k=1.0,rs=3.0,hl=45)",1.590,2.593,0.142,-0.077
"ProperDecay(mw=0.03,lb=280,d=4,hl=60)",1.590,3.148,0.118,-0.073
"ProperDecay(mw=0.03,lb=280,d=4,hl=30)",1.582,3.131,0.117,-0.075
"CVXPYRegimeUtil(mw=0.02,lb=280,k=1.0,rs=2.0,hl=45)",1.568,2.539,0.142,-0.077
"ProperDecay(mw=0.02,lb=280,d=3,hl=90)",1.414,2.557,0.109,-0.073
"ProperDecay(mw=0.02,lb=240,d=3,hl=90)",1.357,2.398,0.109,-0.070
"ProperDecay(mw=0.02,lb=280,d=3,hl=60)",1.297,2.244,0.109,-0.073
"ProperDecay(mw=0.02,lb=240,d=3,hl=60)",1.257,2.135,0.109,-0.069
"ProperDecay(mw=0.02,lb=240,d=3,hl=30)",1.237,2.081,0.108,-0.065
"ProperDecay(mw=0.02,lb=280,d=3,hl=30)",1.197,1.984,0.108,-0.071
"ProperDecay(mw=0.02,lb=280,d=4,hl=90)",0.870,1.313,0.097,-0.088
"ProperDecay(mw=0.02,lb=240,d=4,hl=90)",0.822,1.203,0.097,-0.085
"ProperDecay(mw=0.02,lb=280,d=4,hl=60)",0.754,1.058,0.097,-0.089
"ProperDecay(mw=0.02,lb=240,d=4,hl=60)",0.728,1.001,0.097,-0.085
"ProperDecay(mw=0.02,lb=240,d=4,hl=30)",0.717,0.976,0.096,-0.080
"ProperDecay(mw=0.02,lb=280,d=4,hl=30)",0.660,0.863,0.096,-0.087
"RegimeDeadband(mw=0.02,lb=240,hl=30,db=0.001)",0.000,0.000,0.000,0.000
"RegimeDeadband(mw=0.02,lb=240,hl=30,db=0.002)",0.000,0.000,0.000,0.000
"RegimeDeadband(mw=0.02,lb=240,hl=30,db=0.004)",0.000,0.000,0.000,0.000
"RegimeDeadband(mw=0.02,lb=240,hl=60,db=0.001)",0.000,0.000,0.000,0.000
"RegimeDeadband(mw=0.02,lb=240,hl=60,db=0.002)",0.000,0.000,0.000,0.000
"RegimeDeadband(mw=0.02,lb=240,hl=60,db=0.004)",0.000,0.000,0.000,0.000
"RegimeDeadband(mw=0.02,lb=280,hl=30,db=0.001)",0.000,0.000,0.000,0.000
"RegimeDeadband(mw=0.02,lb=280,hl=30,db=0.002)",0.000,0.000,0.000,0.000
"RegimeDeadband(mw=0.02,lb=280,hl=30,db=0.004)",0.000,0.000,0.000,0.000
"RegimeDeadband(mw=0.02,lb=280,hl=60,db=0.001)",0.000,0.000,0.000,0.000
"RegimeDeadband(mw=0.02,lb=280,hl=60,db=0.002)",0.000,0.000,0.000,0.000
"RegimeDeadband(mw=0.02,lb=280,hl=60,db=0.004)",0.000,0.000,0.000,0.000
"RegimeDeadband(mw=0.02,lb=360,hl=30,db=0.001)",0.000,0.000,0.000,0.000
"RegimeDeadband(mw=0.02,lb=360,hl=30,db=0.002)",0.000,0.000,0.000,0.000
"RegimeDeadband(mw=0.02,lb=360,hl=30,db=0.004)",0.000,0.000,0.000,0.000
"RegimeDeadband(mw=0.02,lb=360,hl=60,db=0.001)",0.000,0.000,0.000,0.000
"RegimeDeadband(mw=0.02,lb=360,hl=60,db=0.002)",0.000,0.000,0.000,0.000
"RegimeDeadband(mw=0.02,lb=360,hl=60,db=0.004)",0.000,0.000,0.000,0.000
"RegimeDeadband(mw=0.03,lb=240,hl=30,db=0.001)",0.000,0.000,0.000,0.000
"RegimeDeadband(mw=0.03,lb=240,hl=30,db=0.002)",0.000,0.000,0.000,0.000
"RegimeDeadband(mw=0.03,lb=240,hl=30,db=0.004)",0.000,0.000,0.000,0.000
"RegimeDeadband(mw=0.03,lb=240,hl=60,db=0.001)",0.000,0.000,0.000,0.000
"RegimeDeadband(mw=0.03,lb=240,hl=60,db=0.002)",0.000,0.000,0.000,0.000
"RegimeDeadband(mw=0.03,lb=240,hl=60,db=0.004)",0.000,0.000,0.000,0.000
"RegimeDeadband(mw=0.03,lb=280,hl=30,db=0.001)",0.000,0.000,0.000,0.000
"RegimeDeadband(mw=0.03,lb=280,hl=30,db=0.002)",0.000,0.000,0.000,0.000
"RegimeDeadband(mw=0.03,lb=280,hl=30,db=0.004)",0.000,0.000,0.000,0.000
"RegimeDeadband(mw=0.03,lb=280,hl=60,db=0.001)",0.000,0.000,0.000,0.000
"RegimeDeadband(mw=0.03,lb=280,hl=60,db=0.002)",0.000,0.000,0.000,0.000
"RegimeDeadband(mw=0.03,lb=280,hl=60,db=0.004)",0.000,0.000,0.000,0.000
"RegimeDeadband(mw=0.03,lb=360,hl=30,db=0.001)",0.000,0.000,0.000,0.000
"RegimeDeadband(mw=0.03,lb=360,hl=30,db=0.002)",0.000,0.000,0.000,0.000
"RegimeDeadband(mw=0.03,lb=360,hl=30,db=0.004)",0.000,0.000,0.000,0.000
"RegimeDeadband(mw=0.03,lb=360,hl=60,db=0.001)",0.000,0.000,0.000,0.000
"RegimeDeadband(mw=0.03,lb=360,hl=60,db=0.002)",0.000,0.000,0.000,0.000
"RegimeDeadband(mw=0.03,lb=360,hl=60,db=0.004)",0.000,0.000,0.000,0.000
